year,id_muni,name_muni,pop
1980,1000,北海道,5575989
1980,1001,北海道市部,3982676
1980,1002,北海道郡部,1593313
1980,1100,札幌市,1401757
1980,1101,中央区,181806
1980,1102,北区,195370
1980,1103,東区,213310
1980,1104,白石区,228061
1980,1105,豊平区,218330
1980,1106,南区,128845
1980,1107,西区,236035
1980,1202,函館市,320154
1980,1203,小樽市,180728
1980,1204,旭川市,352619
1980,1205,室蘭市,150199
1980,1206,釧路市,214694
1980,1207,帯広市,153861
1980,1208,北見市,102915
1980,1209,夕張市,41715
1980,1210,岩見沢市,78311
1980,1211,網走市,44777
1980,1212,留萌市,36626
1980,1213,苫小牧市,151967
1980,1214,稚内市,53471
1980,1215,美唄市,38552
1980,1216,芦別市,32946
1980,1217,江別市,86349
1980,1218,赤平市,25467
1980,1219,紋別市,33860
1980,1220,士別市,28970
1980,1221,名寄市,35032
1980,1222,三笠市,23319
1980,1223,根室市,42880
1980,1224,千歳市,66788
1980,1225,滝川市,51192
1980,1226,砂川市,25355
1980,1227,歌志内市,10178
1980,1228,深川市,35376
1980,1229,富良野市,28499
1980,1230,登別市,56503
1980,1231,恵庭市,42911
1980,1233,伊達市,34705
1980,1300,石狩支庁,96391
1980,1301,広島町,34148
1980,1302,石狩町,33599
1980,1303,当別町,17316
1980,1304,新篠津村,4144
1980,1305,厚田村,3207
1980,1306,浜益村,3977
1980,1330,渡島支庁,190688
1980,1331,松前町,17524
1980,1332,福島町,11613
1980,1333,知内町,7363
1980,1334,木古内町,9514
1980,1335,上磯町,29944
1980,1336,大野町,9152
1980,1337,七飯町,21267
1980,1339,戸井町,5453
1980,1340,尻岸内町,6871
1980,1341,椴法華村,2466
1980,1342,南茅部町,10221
1980,1343,鹿部村,5011
1980,1344,砂原町,6406
1980,1345,森町,17061
1980,1346,八雲町,19818
1980,1347,長万部町,11004
1980,1360,檜山支庁,73949
1980,1361,江差町,13930
1980,1362,上ノ国町,8803
1980,1363,厚沢部町,6862
1980,1364,乙部町,7031
1980,1365,熊石町,6541
1980,1366,大成町,3813
1980,1367,奥尻町,5490
1980,1368,瀬棚町,4165
1980,1369,北檜山町,8073
1980,1370,今金町,9241
1980,1390,後志支庁,138187
1980,1391,島牧村,3138
1980,1392,寿都町,5925
1980,1393,黒松内町,4532
1980,1394,蘭越町,8055
1980,1395,ニセコ町,4567
1980,1396,真狩村,3140
1980,1397,留寿都村,2075
1980,1398,喜茂別町,4085
1980,1399,京極町,4276
1980,1400,倶知安町,18893
1980,1401,共和町,7931
1980,1402,岩内町,22373
1980,1403,泊村,2788
1980,1404,神恵内村,2014
1980,1405,積丹町,4910
1980,1406,古平町,5901
1980,1407,仁木町,5467
1980,1408,余市町,26632
1980,1409,赤井川村,1485
1980,1420,空知支庁,126219
1980,1421,北村,4945
1980,1422,栗沢町,10084
1980,1423,南幌町,5444
1980,1424,奈井江町,8648
1980,1425,上砂川町,10790
1980,1427,由仁町,9000
1980,1428,長沼町,13354
1980,1429,栗山町,17482
1980,1430,月形町,5427
1980,1431,浦臼町,3654
1980,1432,新十津川町,9429
1980,1433,妹背牛町,6136
1980,1434,秩父別町,4163
1980,1436,雨竜町,4147
1980,1437,北竜町,3569
1980,1438,沼田町,6207
1980,1439,幌加内町,3740
1980,1450,上川支庁,137369
1980,1452,鷹栖町,7509
1980,1453,東神楽町,5425
1980,1454,当麻町,9619
1980,1455,比布町,5806
1980,1456,愛別町,5815
1980,1457,上川町,9302
1980,1458,東川町,7774
1980,1459,美瑛町,14826
1980,1460,上富良野町,14441
1980,1461,中富良野町,7039
1980,1462,南富良野町,4530
1980,1463,占冠村,1601
1980,1464,和寒町,6696
1980,1465,剣淵町,5481
1980,1466,朝日町,3133
1980,1467,風連町,7190
1980,1468,下川町,7173
1980,1469,美深町,8350
1980,1470,音威子府村,2100
1980,1471,中川町,3559
1980,1480,留萌支庁,52928
1980,1481,増毛町,8319
1980,1482,小平町,6474
1980,1483,苫前町,6528
1980,1484,羽幌町,13254
1980,1485,初山別村,2444
1980,1486,遠別町,5375
1980,1487,天塩町,6281
1980,1488,幌延町,4253
1980,1510,宗谷支庁,52266
1980,1511,猿払村,3358
1980,1512,浜頓別町,6503
1980,1513,中頓別町,4203
1980,1514,枝幸町,10076
1980,1515,歌登町,3557
1980,1516,豊富町,6723
1980,1517,礼文町,5990
1980,1518,利尻町,5828
1980,1519,東利尻町,6028
1980,1540,網走支庁,190077
1980,1541,東藻琴村,3341
1980,1542,女満別町,6224
1980,1543,美幌町,26534
1980,1544,津別町,9685
1980,1545,斜里町,15795
1980,1546,清里町,6774
1980,1547,小清水町,7836
1980,1548,端野町,5594
1980,1549,訓子府町,7773
1980,1550,置戸町,6430
1980,1551,留辺蘂町,13505
1980,1552,佐呂間町,8666
1980,1553,常呂町,6215
1980,1554,生田原町,3848
1980,1555,遠軽町,21057
1980,1556,丸瀬布町,3424
1980,1557,白滝村,2099
1980,1558,上湧別町,8133
1980,1559,湧別町,6193
1980,1560,滝上町,5673
1980,1561,興部町,6628
1980,1562,西興部村,1609
1980,1563,雄武町,7041
1980,1570,胆振支庁,83555
1980,1571,豊浦町,6424
1980,1572,虻田町,11915
1980,1573,洞爺村,2486
1980,1574,大滝村,1604
1980,1575,壮瞥町,4292
1980,1578,白老町,24168
1980,1579,早来町,6234
1980,1580,追分町,5024
1980,1581,厚真町,6817
1980,1582,鵡川町,9316
1980,1583,穂別町,5275
1980,1600,日高支庁,103107
1980,1601,日高町,3653
1980,1602,平取町,8494
1980,1603,門別町,15222
1980,1604,新冠町,7634
1980,1605,静内町,26235
1980,1606,三石町,6955
1980,1607,浦河町,19408
1980,1608,様似町,7986
1980,1609,えりも町,7520
1980,1630,十勝支庁,199825
1980,1631,音更町,31134
1980,1632,士幌町,6979
1980,1633,上士幌町,7571
1980,1634,鹿追町,6744
1980,1635,新得町,9502
1980,1636,清水町,13352
1980,1637,芽室町,16580
1980,1638,中札内村,3785
1980,1639,更別村,3624
1980,1640,忠類村,2306
1980,1641,大樹町,8356
1980,1642,広尾町,11512
1980,1643,幕別町,20084
1980,1644,池田町,11902
1980,1645,豊頃町,5779
1980,1646,本別町,13253
1980,1647,足寄町,12667
1980,1648,陸別町,5002
1980,1649,浦幌町,9693
1980,1660,釧路支庁,92501
1980,1661,釧路町,13123
1980,1662,厚岸町,15940
1980,1663,浜中町,9243
1980,1664,標茶町,12297
1980,1665,弟子屈町,12206
1980,1666,阿寒町,8148
1980,1667,鶴居村,2638
1980,1668,白糠町,14514
1980,1669,音別町,4392
1980,1690,根室支庁,56251
1980,1691,別海町,19035
1980,1692,中標津町,21187
1980,1693,標津町,7730
1980,1694,羅臼町,8299
1980,2000,青森県,1523907
1980,2001,青森県市部,938948
1980,2002,青森県郡部,584959
1980,2201,青森市,287594
1980,2202,弘前市,175330
1980,2203,八戸市,238179
1980,2204,黒石市,40755
1980,2205,五所川原市,50632
1980,2206,十和田市,58886
1980,2207,三沢市,39962
1980,2208,むつ市,47610
1980,2301,平内町,17501
1980,2302,蟹田町,5110
1980,2303,今別町,7113
1980,2304,蓬田村,4360
1980,2305,平舘村,3815
1980,2306,三厩村,6030
1980,2321,鰺ケ沢町,17402
1980,2322,木造町,24551
1980,2323,深浦町,11384
1980,2324,森田村,5420
1980,2325,岩崎村,4061
1980,2326,柏村,4832
1980,2327,稲垣村,6054
1980,2328,車力村,6012
1980,2341,岩木町,12923
1980,2342,相馬村,4038
1980,2343,西目屋村,2812
1980,2361,藤崎町,11206
1980,2362,大鰐町,16312
1980,2363,尾上町,10859
1980,2364,浪岡町,22174
1980,2365,平賀町,23477
1980,2366,常盤村,6581
1980,2367,田舎館村,10053
1980,2368,碇ケ関村,4643
1980,2381,板柳町,19215
1980,2382,金木町,14047
1980,2383,中里町,14270
1980,2384,鶴田町,16892
1980,2385,市浦村,4059
1980,2386,小泊村,5698
1980,2401,野辺地町,18419
1980,2402,七戸町,12679
1980,2403,百石町,9397
1980,2404,十和田湖町,8164
1980,2405,六戸町,10532
1980,2406,横浜町,6590
1980,2407,上北町,10473
1980,2408,東北町,12114
1980,2409,天間林村,10028
1980,2410,下田町,8240
1980,2411,六ケ所村,11104
1980,2421,川内町,7890
1980,2422,大畑町,12328
1980,2423,大間町,7624
1980,2424,東通村,9975
1980,2425,風間浦村,3917
1980,2426,佐井村,4174
1980,2427,脇野沢村,3739
1980,2441,三戸町,15606
1980,2442,五戸町,20011
1980,2443,田子町,8878
1980,2444,名川町,11230
1980,2445,南部町,7071
1980,2446,階上町,10199
1980,2447,福地村,6194
1980,2448,南郷村,7438
1980,2449,倉石村,3709
1980,2450,新郷村,4332
1980,3000,岩手県,1421927
1980,3001,岩手県市部,800321
1980,3002,岩手県郡部,621606
1980,3201,盛岡市,229114
1980,3202,宮古市,62478
1980,3203,大船渡市,40023
1980,3204,水沢市,55226
1980,3205,花巻市,68873
1980,3206,北上市,53647
1980,3207,久慈市,39013
1980,3208,遠野市,31056
1980,3209,一関市,60214
1980,3210,陸前高田市,29356
1980,3211,釜石市,65250
1980,3212,江刺市,35738
1980,3213,二戸市,30333
1980,3301,雫石町,18696
1980,3302,葛巻町,11972
1980,3303,岩手町,20350
1980,3304,西根町,19058
1980,3305,滝沢村,25686
1980,3306,松尾村,7154
1980,3307,玉山村,14074
1980,3321,紫波町,27787
1980,3322,矢巾町,17465
1980,3323,都南村,29626
1980,3341,大迫町,8289
1980,3342,石鳥谷町,16273
1980,3361,東和町,12243
1980,3362,和賀町,14927
1980,3363,湯田町,5280
1980,3364,江釣子村,8059
1980,3365,沢内村,4709
1980,3381,金ケ崎町,14973
1980,3382,前沢町,16108
1980,3383,胆沢町,17650
1980,3384,衣川村,5596
1980,3401,花泉町,17467
1980,3402,平泉町,9253
1980,3421,大東町,20715
1980,3422,藤沢町,11434
1980,3423,千厩町,15584
1980,3424,東山町,9251
1980,3425,室根村,7246
1980,3426,川崎村,5554
1980,3441,住田町,9036
1980,3442,三陸町,10109
1980,3461,大槌町,21292
1980,3462,宮守村,6326
1980,3481,田老町,5710
1980,3482,山田町,25321
1980,3483,岩泉町,18236
1980,3484,田野畑村,5225
1980,3485,普代村,4023
1980,3486,新里村,4826
1980,3487,川井村,5603
1980,3501,軽米町,13768
1980,3502,種市町,17100
1980,3503,野田村,5304
1980,3504,山形村,4670
1980,3505,大野村,7303
1980,3506,九戸村,8496
1980,3521,浄法寺町,7204
1980,3523,安代町,8714
1980,3524,一戸町,20861
1980,4000,宮城県,2082320
1980,4001,宮城県市部,1280650
1980,4002,宮城県郡部,801670
1980,4100,仙台市,664868
1980,4202,石巻市,120699
1980,4203,塩竈市,61040
1980,4204,古川市,57060
1980,4205,気仙沼市,68551
1980,4206,白石市,41275
1980,4207,名取市,49715
1980,4208,角田市,33731
1980,4209,多賀城市,50785
1980,4210,泉市,98016
1980,4211,岩沼市,34910
1980,4301,蔵王町,13833
1980,4302,七ケ宿町,2926
1980,4321,大河原町,19332
1980,4322,村田町,13370
1980,4323,柴田町,32106
1980,4324,川崎町,10636
1980,4341,丸森町,20849
1980,4361,亘理町,27822
1980,4362,山元町,17630
1980,4382,秋保町,5075
1980,4401,松島町,17246
1980,4404,七ケ浜町,16393
1980,4405,宮城町,24077
1980,4406,利府町,11201
1980,4421,大和町,18662
1980,4422,大郷町,10172
1980,4423,富谷町,13930
1980,4424,大衡村,5200
1980,4441,中新田町,14503
1980,4442,小野田町,9414
1980,4443,宮崎町,7079
1980,4444,色麻町,8865
1980,4461,松山町,7384
1980,4462,三本木町,8465
1980,4463,鹿島台町,13844
1980,4481,岩出山町,16564
1980,4482,鳴子町,12067
1980,4501,涌谷町,21319
1980,4502,田尻町,14882
1980,4503,小牛田町,20287
1980,4504,南郷町,7865
1980,4521,築館町,16895
1980,4522,若柳町,16249
1980,4523,栗駒町,16455
1980,4524,高清水町,5002
1980,4525,一迫町,10939
1980,4526,瀬峰町,6188
1980,4527,鶯沢町,4983
1980,4528,金成町,9183
1980,4529,志波姫町,7812
1980,4530,花山村,2095
1980,4541,迫町,22283
1980,4542,登米町,6942
1980,4543,東和町,10155
1980,4544,中田町,17303
1980,4545,豊里町,8024
1980,4546,米山町,12289
1980,4547,石越町,6976
1980,4548,南方町,9540
1980,4561,河北町,15850
1980,4562,矢本町,24898
1980,4563,雄勝町,7851
1980,4564,河南町,18462
1980,4565,桃生町,9313
1980,4566,鳴瀬町,11967
1980,4567,北上町,5469
1980,4581,女川町,16105
1980,4582,牡鹿町,8450
1980,4601,志津川町,16087
1980,4602,津山町,5056
1980,4603,本吉町,13383
1980,4604,唐桑町,10312
1980,4605,歌津町,6156
1980,5000,秋田県,1256745
1980,5001,秋田県市部,668869
1980,5002,秋田県郡部,587876
1980,5201,秋田市,284863
1980,5202,能代市,60674
1980,5203,横手市,43773
1980,5204,大館市,72478
1980,5205,本荘市,42962
1980,5206,男鹿市,38940
1980,5207,湯沢市,37800
1980,5208,大曲市,41764
1980,5209,鹿角市,45615
1980,5303,小坂町,10526
1980,5321,鷹巣町,25065
1980,5322,比内町,13992
1980,5323,森吉町,10282
1980,5324,阿仁町,6276
1980,5325,田代町,9059
1980,5326,合川町,9587
1980,5327,上小阿仁村,4352
1980,5341,琴丘町,7554
1980,5342,二ツ井町,15354
1980,5343,八森町,5717
1980,5344,山本町,10117
1980,5345,八竜町,8418
1980,5346,藤里町,5837
1980,5347,峰浜村,5921
1980,5361,五城目町,15953
1980,5362,昭和町,9945
1980,5363,八郎潟町,8228
1980,5364,飯田川町,5622
1980,5365,天王町,17328
1980,5366,井川町,6380
1980,5367,若美町,8889
1980,5368,大潟村,3334
1980,5381,河辺町,11401
1980,5382,雄和町,8559
1980,5401,仁賀保町,11893
1980,5402,金浦町,5465
1980,5403,象潟町,14070
1980,5404,矢島町,7505
1980,5405,岩城町,6320
1980,5406,由利町,6949
1980,5407,西目町,6711
1980,5408,鳥海村,8563
1980,5409,東由利町,6022
1980,5410,大内町,10716
1980,5421,神岡町,6648
1980,5422,西仙北町,12767
1980,5423,角館町,16906
1980,5424,六郷町,8029
1980,5425,中仙町,13105
1980,5426,田沢湖町,15206
1980,5427,協和町,10182
1980,5428,南外村,5235
1980,5429,仙北町,8319
1980,5430,西木村,6986
1980,5431,太田町,8408
1980,5432,千畑村,9242
1980,5433,仙南村,9085
1980,5441,増田町,10338
1980,5442,平鹿町,16963
1980,5443,雄物川町,13050
1980,5444,大森町,8734
1980,5445,十文字町,15649
1980,5446,山内村,5467
1980,5447,大雄村,6505
1980,5461,稲川町,12399
1980,5462,雄勝町,11812
1980,5463,羽後町,21399
1980,5464,東成瀬村,4011
1980,5465,皆瀬村,3521
1980,6000,山形県,1251917
1980,6001,山形県市部,875386
1980,6002,山形県郡部,376531
1980,6201,山形市,237041
1980,6202,米沢市,92823
1980,6203,鶴岡市,99751
1980,6204,酒田市,102600
1980,6205,新庄市,42911
1980,6206,寒河江市,41048
1980,6207,上山市,38533
1980,6208,村山市,32324
1980,6209,長井市,33286
1980,6210,天童市,52597
1980,6211,東根市,40559
1980,6212,尾花沢市,25231
1980,6213,南陽市,36682
1980,6301,山辺町,14281
1980,6302,中山町,11624
1980,6321,河北町,21880
1980,6322,西川町,9473
1980,6323,朝日町,11109
1980,6324,大江町,11374
1980,6341,大石田町,10685
1980,6361,金山町,8037
1980,6362,最上町,13190
1980,6363,舟形町,8028
1980,6364,真室川町,12888
1980,6365,大蔵村,5301
1980,6366,鮭川村,6645
1980,6367,戸沢村,7601
1980,6381,高畠町,27440
1980,6382,川西町,22423
1980,6401,小国町,12221
1980,6402,白鷹町,18821
1980,6403,飯豊町,10220
1980,6421,立川町,8317
1980,6422,余目町,19481
1980,6423,藤島町,13400
1980,6424,羽黒町,10538
1980,6425,櫛引町,8690
1980,6426,三川町,8479
1980,6427,朝日村,6900
1980,6441,温海町,14051
1980,6461,遊佐町,20412
1980,6462,八幡町,8473
1980,6463,松山町,6395
1980,6464,平田町,8154
1980,7000,福島県,2035272
1980,7001,福島県市部,1261764
1980,7002,福島県郡部,773508
1980,7201,福島市,262837
1980,7202,会津若松市,114528
1980,7203,郡山市,286451
1980,7204,いわき市,342074
1980,7205,白河市,43187
1980,7206,原町市,46052
1980,7207,須賀川市,57110
1980,7208,喜多方市,37553
1980,7209,相馬市,38332
1980,7210,二本松市,33640
1980,7301,桑折町,14901
1980,7302,伊達町,10063
1980,7303,国見町,12050
1980,7304,梁川町,22921
1980,7305,保原町,23859
1980,7306,霊山町,11728
1980,7307,月舘町,5615
1980,7308,川俣町,21099
1980,7309,飯野町,7650
1980,7321,安達町,11928
1980,7322,大玉村,7837
1980,7323,本宮町,19170
1980,7324,白沢村,8562
1980,7325,岩代町,11143
1980,7326,東和町,9998
1980,7341,長沼町,6572
1980,7342,鏡石町,11437
1980,7343,岩瀬村,5871
1980,7344,天栄村,6820
1980,7361,田島町,15063
1980,7362,下郷町,10025
1980,7363,舘岩村,2654
1980,7364,檜枝岐村,765
1980,7365,伊南村,2427
1980,7366,南郷村,3975
1980,7367,只見町,7271
1980,7381,北会津村,7001
1980,7401,熱塩加納村,4358
1980,7402,北塩原村,3869
1980,7403,塩川町,10087
1980,7404,山都町,5340
1980,7405,西会津町,11490
1980,7406,高郷村,3118
1980,7407,磐梯町,4501
1980,7408,猪苗代町,19717
1980,7421,会津坂下町,20504
1980,7422,湯川村,3789
1980,7423,柳津町,5678
1980,7424,河東町,9354
1980,7441,会津高田町,16845
1980,7442,本郷町,6464
1980,7443,新鶴村,4636
1980,7444,三島町,3389
1980,7445,金山町,4790
1980,7446,昭和村,2629
1980,7461,西郷村,12744
1980,7462,表郷村,7036
1980,7463,東村,5660
1980,7464,泉崎村,5577
1980,7465,中島村,4448
1980,7466,矢吹町,17578
1980,7467,大信村,4370
1980,7481,棚倉町,16105
1980,7482,矢祭町,8074
1980,7483,塙町,12060
1980,7484,鮫川村,5537
1980,7485,古殿町,7879
1980,7501,石川町,21731
1980,7502,玉川村,7431
1980,7503,平田村,8804
1980,7504,浅川町,7488
1980,7521,三春町,19047
1980,7522,小野町,14085
1980,7523,滝根町,5621
1980,7524,大越町,6847
1980,7525,都路村,3912
1980,7526,常葉町,7463
1980,7527,船引町,25089
1980,7541,広野町,5335
1980,7542,楢葉町,8366
1980,7543,富岡町,14941
1980,7544,川内村,4132
1980,7545,大熊町,9296
1980,7546,双葉町,8017
1980,7547,浪江町,22601
1980,7548,葛尾村,1992
1980,7561,新地町,8704
1980,7562,鹿島町,13637
1980,7563,小高町,14607
1980,7564,飯舘村,8331
1980,8000,茨城県,2558007
1980,8001,茨城県市部,1247058
1980,8002,茨城県郡部,1310949
1980,8201,水戸市,215566
1980,8202,日立市,204596
1980,8203,土浦市,112517
1980,8204,古河市,56657
1980,8205,石岡市,47829
1980,8206,下館市,61324
1980,8207,結城市,49387
1980,8208,龍ケ崎市,43132
1980,8209,那珂湊市,33324
1980,8210,下妻市,30731
1980,8211,水海道市,40435
1980,8212,常陸太田市,35980
1980,8213,勝田市,92621
1980,8214,高萩市,32436
1980,8215,北茨城市,47670
1980,8216,笠間市,31225
1980,8217,取手市,71247
1980,8218,岩井市,40381
1980,8301,常澄村,9840
1980,8302,茨城町,32901
1980,8303,小川町,18027
1980,8304,美野里町,19337
1980,8305,内原町,14336
1980,8306,常北町,10719
1980,8307,桂村,6850
1980,8308,御前山村,5205
1980,8309,大洗町,21244
1980,8321,友部町,26515
1980,8322,岩間町,15330
1980,8323,七会村,2892
1980,8324,岩瀬町,22884
1980,8341,東海村,29197
1980,8342,那珂町,37624
1980,8343,瓜連町,7144
1980,8344,大宮町,24523
1980,8345,山方町,9407
1980,8346,美和村,5796
1980,8347,緒川村,5401
1980,8361,金砂郷村,10724
1980,8362,水府村,7702
1980,8363,里美村,5097
1980,8364,大子町,29524
1980,8381,十王町,10902
1980,8401,旭村,10564
1980,8402,鉾田町,27466
1980,8403,大洋村,9701
1980,8404,大野村,12533
1980,8405,鹿島町,38822
1980,8406,神栖町,32253
1980,8407,波崎町,35111
1980,8421,麻生町,18155
1980,8422,牛堀町,6792
1980,8423,潮来町,22283
1980,8424,北浦村,10954
1980,8425,玉造町,13551
1980,8441,江戸崎町,13089
1980,8442,美浦村,13509
1980,8443,阿見町,33720
1980,8444,牛久町,40164
1980,8445,茎崎村,16856
1980,8446,新利根村,8798
1980,8447,河内村,11516
1980,8448,桜川村,8110
1980,8449,東村,13260
1980,8461,出島村,17821
1980,8462,玉里村,7007
1980,8463,八郷町,28308
1980,8464,千代田村,20976
1980,8465,新治村,8783
1980,8466,桜村,34507
1980,8481,谷田部町,29405
1980,8482,伊奈村,22207
1980,8483,谷和原村,10710
1980,8484,豊里町,11473
1980,8485,筑波町,22553
1980,8486,大穂町,12608
1980,8501,関城町,15692
1980,8502,明野町,17679
1980,8503,真壁町,20837
1980,8504,大和村,7450
1980,8505,協和町,16151
1980,8521,八千代町,22845
1980,8522,千代川村,8606
1980,8523,石下町,20374
1980,8541,総和町,36333
1980,8542,五霞村,8645
1980,8543,三和町,24701
1980,8544,猿島町,14823
1980,8546,境町,25696
1980,8561,守谷町,17585
1980,8563,藤代町,26468
1980,8564,利根町,14378
1980,9000,栃木県,1792201
1980,9001,栃木県市部,1172885
1980,9002,栃木県郡部,619316
1980,9201,宇都宮市,377746
1980,9202,足利市,165756
1980,9203,栃木市,85592
1980,9204,佐野市,78351
1980,9205,鹿沼市,85159
1980,9206,日光市,23885
1980,9207,今市市,50423
1980,9208,小山市,127226
1980,9209,真岡市,52764
1980,9210,大田原市,46662
1980,9211,矢板市,32747
1980,9212,黒磯市,46574
1980,9301,上三川町,24597
1980,9302,南河内町,11497
1980,9303,上河内村,7739
1980,9304,河内町,23423
1980,9321,西方村,6589
1980,9322,粟野町,10840
1980,9323,足尾町,6007
1980,9341,二宮町,17203
1980,9342,益子町,22104
1980,9343,茂木町,20051
1980,9344,市貝町,10459
1980,9345,芳賀町,16669
1980,9361,壬生町,35037
1980,9362,石橋町,18560
1980,9363,国分寺町,13584
1980,9364,野木町,16454
1980,9365,大平町,24397
1980,9366,藤岡町,20377
1980,9367,岩舟町,18083
1980,9368,都賀町,13385
1980,9381,塩原町,10055
1980,9382,栗山村,3223
1980,9383,藤原町,13977
1980,9384,塩谷町,14930
1980,9385,氏家町,23560
1980,9386,高根沢町,22765
1980,9387,喜連川町,11260
1980,9401,南那須町,11949
1980,9402,烏山町,21613
1980,9403,馬頭町,15285
1980,9404,小川町,7419
1980,9405,湯津上村,6049
1980,9406,黒羽町,18565
1980,9407,那須町,26824
1980,9409,西那須野町,28807
1980,9421,田沼町,29854
1980,9422,葛生町,16126
1980,10000,群馬県,1848562
1980,10001,群馬県市部,1157925
1980,10002,群馬県郡部,690637
1980,10201,前橋市,265169
1980,10202,高崎市,221429
1980,10203,桐生市,132889
1980,10204,伊勢崎市,105729
1980,10205,太田市,123115
1980,10206,沼田市,47150
1980,10207,館林市,70245
1980,10208,渋川市,47035
1980,10209,藤岡市,54022
1980,10210,富岡市,48047
1980,10211,安中市,43095
1980,10301,北橘村,8711
1980,10302,赤城村,13719
1980,10303,富士見村,15887
1980,10304,大胡町,11948
1980,10305,宮城村,7835
1980,10306,粕川村,10282
1980,10307,新里村,11499
1980,10308,黒保根村,3356
1980,10309,東村,4517
1980,10321,榛名町,21240
1980,10322,倉渕村,5973
1980,10323,箕郷町,13998
1980,10324,群馬町,26088
1980,10341,子持村,11843
1980,10342,小野上村,2514
1980,10343,伊香保町,5016
1980,10344,榛東村,10030
1980,10345,吉岡村,11501
1980,10361,新町,13877
1980,10362,鬼石町,9572
1980,10363,吉井町,20798
1980,10364,万場町,3893
1980,10365,中里村,1576
1980,10366,上野村,2309
1980,10381,妙義町,5153
1980,10382,下仁田町,15228
1980,10383,南牧村,5893
1980,10384,甘楽町,13937
1980,10401,松井田町,19179
1980,10421,中之条町,20373
1980,10422,東村,2780
1980,10423,吾妻町,17195
1980,10424,長野原町,7237
1980,10425,嬬恋村,10737
1980,10426,草津町,9341
1980,10427,六合村,2245
1980,10428,高山村,4788
1980,10441,白沢村,3170
1980,10442,利根村,6508
1980,10443,片品村,6134
1980,10444,川場村,3905
1980,10445,月夜野町,10864
1980,10446,水上町,8747
1980,10447,新治村,8512
1980,10448,昭和村,8263
1980,10461,赤堀村,10830
1980,10462,東村,13421
1980,10463,境町,29089
1980,10464,玉村町,17643
1980,10481,尾島町,14779
1980,10482,新田町,24052
1980,10483,藪塚本町,13435
1980,10484,笠懸村,16703
1980,10501,大間々町,22844
1980,10521,板倉町,16024
1980,10522,明和村,9815
1980,10523,千代田村,10680
1980,10524,大泉町,31282
1980,10525,邑楽町,21869
1980,11000,埼玉県,5420480
1980,11001,埼玉県市部,4497202
1980,11002,埼玉県郡部,923278
1980,11201,川越市,259314
1980,11202,熊谷市,136806
1980,11203,川口市,379360
1980,11204,浦和市,358185
1980,11205,大宮市,354084
1980,11206,行田市,73205
1980,11207,秩父市,61285
1980,11208,所沢市,236476
1980,11209,飯能市,61179
1980,11210,加須市,47589
1980,11211,本庄市,53531
1980,11212,東松山市,63889
1980,11213,岩槻市,94696
1980,11214,春日部市,155555
1980,11215,狭山市,124029
1980,11216,羽生市,48488
1980,11217,鴻巣市,57085
1980,11218,深谷市,82237
1980,11219,上尾市,166243
1980,11220,与野市,72326
1980,11221,草加市,186618
1980,11222,越谷市,223241
1980,11223,蕨市,70876
1980,11224,戸田市,78435
1980,11225,入間市,104034
1980,11226,鳩ケ谷市,55950
1980,11227,朝霞市,90088
1980,11228,志木市,50925
1980,11229,和光市,49713
1980,11230,新座市,119309
1980,11231,桶川市,55747
1980,11232,久喜市,54410
1980,11233,北本市,50888
1980,11234,八潮市,62734
1980,11235,富士見市,79591
1980,11236,上福岡市,57929
1980,11237,三郷市,98223
1980,11238,蓮田市,45594
1980,11239,坂戸市,77335
1980,11301,伊奈町,21005
1980,11304,吹上町,22605
1980,11322,大井町,35538
1980,11324,三芳町,28978
1980,11326,毛呂山町,31197
1980,11327,越生町,11361
1980,11328,鶴ケ島町,35842
1980,11329,日高町,43219
1980,11330,名栗村,2723
1980,11341,滑川村,9295
1980,11342,嵐山町,16080
1980,11343,小川町,27045
1980,11344,都幾川村,6824
1980,11345,玉川村,4307
1980,11346,川島町,17393
1980,11347,吉見町,16107
1980,11348,鳩山村,10301
1980,11361,横瀬村,9511
1980,11362,皆野町,12817
1980,11363,長瀞町,8908
1980,11364,吉田町,6576
1980,11365,小鹿野町,12773
1980,11366,両神村,3417
1980,11367,大滝村,2713
1980,11368,荒川村,6301
1980,11369,東秩父村,4704
1980,11381,美里村,11030
1980,11382,児玉町,18558
1980,11383,神川村,10627
1980,11384,神泉村,1385
1980,11385,上里町,19700
1980,11401,大里村,7000
1980,11402,江南村,10181
1980,11403,妻沼町,24623
1980,11405,岡部町,17254
1980,11406,川本町,11567
1980,11407,花園村,9873
1980,11408,寄居町,28469
1980,11421,騎西町,16594
1980,11422,南河原村,3755
1980,11423,川里村,7164
1980,11424,北川辺町,8787
1980,11425,大利根町,13536
1980,11442,宮代町,29537
1980,11445,白岡町,31624
1980,11446,菖蒲町,19462
1980,11461,栗橋町,19791
1980,11462,鷲宮町,21257
1980,11463,幸手町,49704
1980,11464,杉戸町,34546
1980,11465,松伏町,18462
1980,11466,吉川町,38894
1980,11468,庄和町,32358
1980,12000,千葉県,4735424
1980,12001,千葉県市部,3923911
1980,12002,千葉県郡部,811513
1980,12201,千葉市,746430
1980,12202,銚子市,89416
1980,12203,市川市,364244
1980,12204,船橋市,479439
1980,12205,館山市,56257
1980,12206,木更津市,110711
1980,12207,松戸市,400863
1980,12208,野田市,93958
1980,12209,佐原市,49200
1980,12210,茂原市,71521
1980,12211,成田市,68418
1980,12212,佐倉市,101180
1980,12213,東金市,35603
1980,12214,八日市場市,31341
1980,12215,旭市,35721
1980,12216,習志野市,125155
1980,12217,柏市,239198
1980,12218,勝浦市,25462
1980,12219,市原市,216394
1980,12220,流山市,106635
1980,12221,八千代市,134479
1980,12222,我孫子市,101061
1980,12223,鴨川市,31680
1980,12224,鎌ケ谷市,76157
1980,12225,君津市,77286
1980,12226,富津市,56102
1980,12301,浦安町,64673
1980,12303,関宿町,18795
1980,12305,沼南町,33706
1980,12321,四街道町,59236
1980,12322,酒々井町,12807
1980,12323,八街町,31939
1980,12324,富里村,23315
1980,12325,印旛村,7452
1980,12326,白井町,24974
1980,12327,印西町,17896
1980,12328,本埜村,4622
1980,12329,栄町,9553
1980,12341,下総町,6990
1980,12342,神崎町,5645
1980,12343,大栄町,10489
1980,12344,小見川町,25608
1980,12345,山田町,11920
1980,12346,栗源町,5320
1980,12347,多古町,17133
1980,12348,干潟町,8920
1980,12349,東庄町,18205
1980,12361,海上町,9542
1980,12362,飯岡町,11222
1980,12381,光町,11475
1980,12382,野栄町,9819
1980,12402,大網白里町,25802
1980,12403,九十九里町,18037
1980,12404,成東町,19643
1980,12405,山武町,9145
1980,12406,蓮沼村,4703
1980,12407,松尾町,10463
1980,12408,横芝町,13912
1980,12409,芝山町,7971
1980,12421,一宮町,10486
1980,12422,睦沢村,7551
1980,12423,長生村,10132
1980,12424,白子町,11691
1980,12426,長柄町,7487
1980,12427,長南町,11509
1980,12441,大多喜町,13612
1980,12442,夷隅町,8360
1980,12443,御宿町,8486
1980,12444,大原町,21360
1980,12445,岬町,13096
1980,12461,富浦町,6981
1980,12462,富山町,7275
1980,12463,鋸南町,12843
1980,12464,三芳村,4774
1980,12465,白浜町,7503
1980,12466,千倉町,15772
1980,12467,丸山町,6468
1980,12468,和田町,6879
1980,12472,天津小湊町,9479
1980,12481,袖ケ浦町,38837
1980,13000,東京都,11618281
1980,13001,東京都市部,11471892
1980,13002,東京都郡部,146389
1980,13100,特別区部,8351893
1980,13101,千代田区,54801
1980,13102,中央区,82700
1980,13103,港区,201257
1980,13104,新宿区,343928
1980,13105,文京区,202351
1980,13106,台東区,186048
1980,13107,墨田区,232796
1980,13108,江東区,362270
1980,13109,品川区,346247
1980,13110,目黒区,273791
1980,13111,大田区,661147
1980,13112,世田谷区,797292
1980,13113,渋谷区,247035
1980,13114,中野区,345733
1980,13115,杉並区,542449
1980,13116,豊島区,288626
1980,13117,北区,387458
1980,13118,荒川区,198126
1980,13119,板橋区,498266
1980,13120,練馬区,564156
1980,13121,足立区,619961
1980,13122,葛飾区,420187
1980,13123,江戸川区,495231
1980,13201,八王子市,387178
1980,13202,立川市,142675
1980,13203,武蔵野市,136910
1980,13204,三鷹市,164526
1980,13205,青梅市,98990
1980,13206,府中市,192198
1980,13207,昭島市,89344
1980,13208,調布市,180548
1980,13209,町田市,295405
1980,13210,小金井市,102456
1980,13211,小平市,154610
1980,13212,日野市,145448
1980,13213,東村山市,119363
1980,13214,国分寺市,91010
1980,13215,国立市,64144
1980,13216,田無市,66976
1980,13217,保谷市,91259
1980,13218,福生市,48694
1980,13219,狛江市,70836
1980,13220,東大和市,65553
1980,13221,清瀬市,61913
1980,13222,東久留米市,106556
1980,13223,武蔵村山市,57198
1980,13224,多摩市,95248
1980,13225,稲城市,48154
1980,13226,秋川市,42807
1980,13302,羽村町,42017
1980,13303,瑞穂町,22803
1980,13305,日の出町,13854
1980,13306,五日市町,20003
1980,13307,檜原村,4230
1980,13308,奥多摩町,9808
1980,13361,大島町,10734
1980,13362,利島村,278
1980,13363,新島本村,3684
1980,13364,神津島村,2210
1980,13381,三宅村,4228
1980,13382,御蔵島村,225
1980,13401,八丈町,10244
1980,13402,青ケ島村,192
1980,13421,小笠原村,1879
1980,14000,神奈川県,6924348
1980,14001,神奈川県市部,6600212
1980,14002,神奈川県郡部,324136
1980,14100,横浜市,2773674
1980,14101,鶴見区,231477
1980,14102,神奈川区,201794
1980,14103,西区,80539
1980,14104,中区,121476
1980,14105,南区,192020
1980,14106,保土ケ谷区,179860
1980,14107,磯子区,156586
1980,14108,金沢区,154687
1980,14109,港北区,265506
1980,14110,戸塚区,402239
1980,14111,港南区,185713
1980,14112,旭区,210887
1980,14113,緑区,289766
1980,14114,瀬谷区,101124
1980,14130,川崎市,1040802
1980,14131,川崎区,199148
1980,14132,幸区,138585
1980,14133,中原区,185283
1980,14134,高津区,283996
1980,14135,多摩区,233790
1980,14201,横須賀市,421107
1980,14203,平塚市,214293
1980,14204,鎌倉市,172629
1980,14205,藤沢市,300248
1980,14206,小田原市,177467
1980,14207,茅ケ崎市,171016
1980,14208,逗子市,58479
1980,14209,相模原市,439300
1980,14210,三浦市,48687
1980,14211,秦野市,123133
1980,14212,厚木市,145392
1980,14213,大和市,167935
1980,14214,伊勢原市,70052
1980,14215,海老名市,77498
1980,14216,座間市,93503
1980,14217,南足柄市,39919
1980,14218,綾瀬市,65078
1980,14301,葉山町,28359
1980,14321,寒川町,36417
1980,14341,大磯町,29931
1980,14342,二宮町,27221
1980,14361,中井町,8626
1980,14362,大井町,12832
1980,14363,松田町,12601
1980,14364,山北町,13803
1980,14366,開成町,10673
1980,14382,箱根町,19882
1980,14383,真鶴町,9968
1980,14384,湯河原町,25456
1980,14401,愛川町,29873
1980,14402,清川村,3539
1980,14421,城山町,15732
1980,14422,津久井町,20746
1980,14423,相模湖町,9007
1980,14424,藤野町,9470
1980,15000,新潟県,2451357
1980,15001,新潟県市部,1555705
1980,15002,新潟県郡部,895652
1980,15201,新潟市,457785
1980,15202,長岡市,180259
1980,15204,三条市,85275
1980,15205,柏崎市,83499
1980,15206,新発田市,76209
1980,15207,新津市,62282
1980,15208,小千谷市,44963
1980,15209,加茂市,36705
1980,15210,十日町市,49555
1980,15211,見附市,41833
1980,15212,村上市,33540
1980,15213,燕市,44236
1980,15215,栃尾市,30694
1980,15216,糸魚川市,36080
1980,15217,新井市,28575
1980,15218,五泉市,39936
1980,15219,両津市,21248
1980,15220,白根市,33092
1980,15221,豊栄市,42097
1980,15222,上越市,127842
1980,15301,安田町,10505
1980,15302,京ケ瀬村,7213
1980,15303,水原町,19669
1980,15304,笹神村,10103
1980,15306,豊浦町,10365
1980,15307,聖籠町,12232
1980,15308,加治川村,7386
1980,15309,紫雲寺町,8174
1980,15310,中条町,29014
1980,15311,黒川村,6591
1980,15321,小須戸町,10385
1980,15322,村松町,22580
1980,15323,横越村,8586
1980,15324,亀田町,26461
1980,15341,岩室村,9360
1980,15342,弥彦村,7910
1980,15343,分水町,15573
1980,15344,吉田町,23175
1980,15345,巻町,28325
1980,15346,西川町,11046
1980,15347,黒埼町,20005
1980,15348,味方村,4921
1980,15349,潟東村,6211
1980,15350,月潟村,3760
1980,15351,中之口村,6417
1980,15361,田上町,11396
1980,15362,下田村,12911
1980,15363,栄村,11243
1980,15364,中之島村,11017
1980,15381,津川町,6968
1980,15382,鹿瀬町,4121
1980,15383,上川村,4133
1980,15384,三川村,5058
1980,15401,越路町,14060
1980,15402,三島町,6828
1980,15403,与板町,7703
1980,15404,和島村,5683
1980,15405,出雲崎町,7048
1980,15406,寺泊町,13552
1980,15421,山古志村,3508
1980,15441,川口町,6739
1980,15442,堀之内町,10616
1980,15443,小出町,13017
1980,15444,湯之谷村,6420
1980,15445,広神村,9540
1980,15446,守門村,6136
1980,15447,入広瀬村,2753
1980,15461,湯沢町,9514
1980,15462,塩沢町,20734
1980,15463,六日町,27547
1980,15464,大和町,14549
1980,15481,川西町,9883
1980,15482,津南町,13841
1980,15483,中里村,7057
1980,15501,高柳町,4242
1980,15502,小国町,9191
1980,15504,刈羽村,5346
1980,15505,西山町,8151
1980,15521,安塚町,5937
1980,15522,浦川原村,4980
1980,15523,松代町,7114
1980,15524,松之山町,5182
1980,15525,大島村,3939
1980,15526,牧村,4559
1980,15541,柿崎町,13702
1980,15542,大潟町,10751
1980,15543,頸城村,8232
1980,15544,吉川町,7072
1980,15545,妙高高原町,7433
1980,15546,中郷村,5957
1980,15547,妙高村,5972
1980,15548,板倉町,9008
1980,15549,清里村,3495
1980,15550,三和村,6679
1980,15561,名立町,4167
1980,15562,能生町,13468
1980,15563,青海町,11940
1980,15581,関川村,8638
1980,15582,荒川町,11247
1980,15583,神林村,11514
1980,15584,朝日村,13830
1980,15585,山北町,10075
1980,15586,粟島浦村,595
1980,15601,相川町,12721
1980,15602,佐和田町,10928
1980,15603,金井町,8011
1980,15604,新穂村,5309
1980,15605,畑野町,6177
1980,15606,真野町,7171
1980,15607,小木町,4593
1980,15608,羽茂町,5259
1980,15609,赤泊村,3525
1980,16000,富山県,1103459
1980,16001,富山県市部,773642
1980,16002,富山県郡部,329817
1980,16201,富山市,305055
1980,16202,高岡市,175055
1980,16203,新湊市,43093
1980,16204,魚津市,49512
1980,16205,氷見市,62413
1980,16206,滑川市,30744
1980,16207,黒部市,35443
1980,16208,砺波市,35830
1980,16209,小矢部市,36497
1980,16301,大沢野町,19689
1980,16302,大山町,12656
1980,16321,舟橋村,1360
1980,16322,上市町,24028
1980,16323,立山町,27870
1980,16341,宇奈月町,7653
1980,16342,入善町,29163
1980,16343,朝日町,18631
1980,16361,八尾町,22829
1980,16362,婦中町,26458
1980,16363,山田村,2188
1980,16364,細入村,2679
1980,16381,小杉町,26858
1980,16382,大門町,12036
1980,16383,下村,1945
1980,16384,大島町,7385
1980,16401,城端町,11783
1980,16402,平村,1829
1980,16403,上平村,1103
1980,16404,利賀村,1328
1980,16405,庄川町,7700
1980,16406,井波町,11601
1980,16407,井口村,1448
1980,16408,福野町,15269
1980,16421,福光町,22483
1980,16422,福岡町,11845
1980,17000,石川県,1119304
1980,17001,石川県市部,770252
1980,17002,石川県郡部,349052
1980,17201,金沢市,417684
1980,17202,七尾市,50394
1980,17203,小松市,104329
1980,17204,輪島市,32662
1980,17205,珠洲市,27351
1980,17206,加賀市,65282
1980,17207,羽咋市,28784
1980,17208,松任市,43766
1980,17301,山中町,12053
1980,17321,根上町,14141
1980,17322,寺井町,13103
1980,17323,辰口町,10009
1980,17324,川北町,4256
1980,17342,美川町,12217
1980,17343,鶴来町,17159
1980,17344,野々市町,31817
1980,17345,河内村,989
1980,17346,吉野谷村,1513
1980,17347,鳥越村,3566
1980,17348,尾口村,846
1980,17349,白峰村,1230
1980,17361,津幡町,23682
1980,17362,高松町,11892
1980,17363,七塚町,11275
1980,17364,宇ノ気町,10939
1980,17365,内灘町,20814
1980,17382,富来町,13241
1980,17383,志雄町,7921
1980,17384,志賀町,17395
1980,17385,押水町,9194
1980,17401,田鶴浜町,6543
1980,17402,鳥屋町,6358
1980,17403,中島町,9086
1980,17404,鹿島町,10134
1980,17405,能登島町,3922
1980,17406,鹿西町,5983
1980,17421,穴水町,14044
1980,17422,門前町,12453
1980,17423,能都町,15480
1980,17424,柳田村,5524
1980,17441,内浦町,10273
1980,18000,福井県,794354
1980,18001,福井県市部,536291
1980,18002,福井県郡部,258063
1980,18201,福井市,240962
1980,18202,敦賀市,61844
1980,18203,武生市,67104
1980,18204,小浜市,34049
1980,18205,大野市,41901
1980,18206,勝山市,30852
1980,18207,鯖江市,59579
1980,18302,美山町,6126
1980,18321,松岡町,9434
1980,18322,永平寺町,6468
1980,18323,上志比村,3765
1980,18342,和泉村,1478
1980,18361,三国町,22030
1980,18362,芦原町,13607
1980,18363,金津町,17368
1980,18364,丸岡町,24807
1980,18365,春江町,18180
1980,18366,坂井町,10966
1980,18381,今立町,14838
1980,18382,池田町,4510
1980,18401,南条町,5411
1980,18402,今庄町,5859
1980,18403,河野村,2550
1980,18421,朝日町,8727
1980,18422,宮崎村,4049
1980,18423,越前町,8158
1980,18424,越廼村,2409
1980,18425,織田町,5058
1980,18426,清水町,10141
1980,18441,三方町,10006
1980,18442,美浜町,13036
1980,18461,上中町,8108
1980,18462,名田庄村,3130
1980,18481,高浜町,11818
1980,18482,大飯町,6026
1980,19000,山梨県,804256
1980,19001,山梨県市部,405657
1980,19002,山梨県郡部,398599
1980,19201,甲府市,199262
1980,19202,富士吉田市,53569
1980,19203,塩山市,26685
1980,19204,都留市,32901
1980,19205,山梨市,30493
1980,19206,大月市,35404
1980,19207,韮崎市,27343
1980,19301,春日居町,5536
1980,19302,牧丘町,7146
1980,19303,三富村,1503
1980,19304,勝沼町,8632
1980,19305,大和村,1952
1980,19321,石和町,17542
1980,19322,御坂町,10782
1980,19323,一宮町,9965
1980,19324,八代町,6999
1980,19325,境川村,4192
1980,19326,中道町,5392
1980,19327,芦川村,934
1980,19328,豊富村,3428
1980,19341,上九一色村,1822
1980,19342,三珠町,4270
1980,19343,市川大門町,12896
1980,19344,六郷町,4819
1980,19345,下部町,7719
1980,19361,増穂町,13199
1980,19362,鰍沢町,5616
1980,19363,中富町,5696
1980,19364,早川町,3005
1980,19365,身延町,9807
1980,19366,南部町,7445
1980,19367,富沢町,5020
1980,19381,竜王町,25002
1980,19382,敷島町,13623
1980,19383,玉穂村,4156
1980,19384,昭和町,8751
1980,19385,田富町,9228
1980,19386,八田村,4746
1980,19387,白根町,14692
1980,19388,芦安村,637
1980,19389,若草町,7232
1980,19390,櫛形町,16489
1980,19391,甲西町,10327
1980,19401,双葉町,6712
1980,19402,明野村,4620
1980,19403,須玉町,7765
1980,19404,高根町,7895
1980,19405,長坂町,8105
1980,19406,大泉村,3316
1980,19407,小淵沢町,4846
1980,19408,白州町,4421
1980,19409,武川村,3352
1980,19421,秋山村,2346
1980,19422,道志村,2231
1980,19423,西桂町,4002
1980,19424,忍野村,6077
1980,19425,山中湖村,4637
1980,19426,河口湖町,14187
1980,19427,勝山村,2068
1980,19428,足和田村,1557
1980,19429,鳴沢村,2249
1980,19441,上野原町,25532
1980,19442,小菅村,1284
1980,19443,丹波山村,1197
1980,20000,長野県,2083934
1980,20001,長野県市部,1293517
1980,20002,長野県郡部,790417
1980,20201,長野市,324360
1980,20202,松本市,192085
1980,20203,上田市,111540
1980,20204,岡谷市,62210
1980,20205,飯田市,78515
1980,20206,諏訪市,50558
1980,20207,須坂市,52543
1980,20208,小諸市,42355
1980,20209,伊那市,56086
1980,20210,駒ケ根市,31179
1980,20211,中野市,39318
1980,20212,大町市,32966
1980,20213,飯山市,30073
1980,20214,茅野市,43942
1980,20215,塩尻市,52711
1980,20216,更埴市,35715
1980,20217,佐久市,57361
1980,20301,臼田町,16208
1980,20302,佐久町,9090
1980,20303,小海町,7004
1980,20304,川上村,4632
1980,20305,南牧村,3435
1980,20306,南相木村,1604
1980,20307,北相木村,1299
1980,20308,八千穂村,5138
1980,20321,軽井沢町,14195
1980,20322,望月町,11725
1980,20323,御代田町,9851
1980,20324,立科町,8347
1980,20325,浅科村,5991
1980,20326,北御牧村,5411
1980,20341,丸子町,25648
1980,20342,長門町,5203
1980,20343,東部町,21430
1980,20345,真田町,10449
1980,20346,武石村,4167
1980,20347,和田村,2982
1980,20349,青木村,5245
1980,20361,下諏訪町,26574
1980,20362,富士見町,14080
1980,20363,原村,6125
1980,20381,高遠町,8761
1980,20382,辰野町,23894
1980,20383,箕輪町,19729
1980,20384,飯島町,10515
1980,20385,南箕輪村,8877
1980,20386,中川村,5524
1980,20387,長谷村,2697
1980,20388,宮田村,7582
1980,20401,鼎町,13175
1980,20402,松川町,13108
1980,20403,高森町,11488
1980,20404,阿南町,7290
1980,20405,上郷町,13333
1980,20406,清内路村,946
1980,20407,阿智村,6064
1980,20408,浪合村,808
1980,20409,平谷村,657
1980,20410,根羽村,1773
1980,20411,下条村,4078
1980,20412,売木村,828
1980,20413,天龍村,3389
1980,20414,泰阜村,2613
1980,20415,喬木村,7224
1980,20416,豊丘村,7409
1980,20417,大鹿村,2322
1980,20418,上村,1164
1980,20419,南信濃村,3278
1980,20421,木曽福島町,10213
1980,20422,上松町,7654
1980,20423,南木曽町,6680
1980,20424,楢川村,4706
1980,20425,木祖村,4190
1980,20426,日義村,2630
1980,20427,開田村,2333
1980,20428,三岳村,2250
1980,20429,王滝村,1768
1980,20430,大桑村,5637
1980,20431,山口村,2148
1980,20441,明科町,10287
1980,20443,四賀村,6708
1980,20444,本城村,2782
1980,20445,坂北村,2764
1980,20446,麻績村,4016
1980,20447,坂井村,2010
1980,20448,生坂村,3142
1980,20449,波田町,11314
1980,20450,山形村,5578
1980,20451,朝日村,4228
1980,20461,豊科町,23825
1980,20462,穂高町,22229
1980,20463,奈川村,1472
1980,20464,安曇村,2609
1980,20465,梓川村,9308
1980,20466,三郷村,12598
1980,20467,堀金村,6270
1980,20481,池田町,10610
1980,20482,松川村,7496
1980,20483,八坂村,1503
1980,20484,美麻村,1614
1980,20485,白馬村,7131
1980,20486,小谷村,5165
1980,20501,上山田町,7228
1980,20502,大岡村,2249
1980,20521,坂城町,16685
1980,20522,戸倉町,17163
1980,20541,小布施町,11205
1980,20543,高山村,6931
1980,20561,山ノ内町,18964
1980,20562,木島平村,6077
1980,20563,野沢温泉村,4966
1980,20581,信州新町,8616
1980,20582,豊野町,9633
1980,20583,信濃町,11857
1980,20584,牟礼村,5992
1980,20585,三水村,6008
1980,20586,戸隠村,6074
1980,20587,鬼無里村,3223
1980,20588,小川村,5132
1980,20589,中条村,4018
1980,20601,豊田村,5667
1980,20602,栄村,3502
1980,21000,岐阜県,1960107
1980,21001,岐阜県市部,1181351
1980,21002,岐阜県郡部,778756
1980,21201,岐阜市,410357
1980,21202,大垣市,143151
1980,21203,高山市,63813
1980,21204,多治見市,74311
1980,21205,関市,59192
1980,21206,中津川市,52626
1980,21207,美濃市,26825
1980,21208,瑞浪市,40066
1980,21209,羽島市,56975
1980,21210,恵那市,34714
1980,21211,美濃加茂市,39531
1980,21212,土岐市,65038
1980,21213,各務原市,114752
1980,21301,川島町,7565
1980,21302,岐南町,18309
1980,21303,笠松町,22865
1980,21304,柳津町,9874
1980,21321,海津町,12353
1980,21322,平田町,8612
1980,21323,南濃町,16706
1980,21341,養老町,31372
1980,21342,上石津町,7558
1980,21361,垂井町,26404
1980,21362,関ケ原町,10483
1980,21381,神戸町,19338
1980,21382,輪之内町,8111
1980,21383,安八町,13901
1980,21384,墨俣町,5506
1980,21401,揖斐川町,19154
1980,21402,谷汲村,4502
1980,21403,大野町,19127
1980,21404,池田町,20672
1980,21405,春日村,2808
1980,21406,久瀬村,1897
1980,21407,藤橋村,640
1980,21408,坂内村,864
1980,21409,徳山村,1306
1980,21421,北方町,13165
1980,21422,本巣町,6036
1980,21423,穂積町,24490
1980,21424,巣南町,7757
1980,21425,真正町,8921
1980,21426,糸貫町,10086
1980,21427,根尾村,3202
1980,21441,高富町,15871
1980,21442,伊自良村,2966
1980,21443,美山町,10832
1980,21461,洞戸村,2706
1980,21462,板取村,2301
1980,21463,武芸川町,6604
1980,21464,武儀町,4758
1980,21465,上之保村,2968
1980,21481,八幡町,18813
1980,21482,大和村,7190
1980,21483,白鳥町,12648
1980,21484,高鷲村,3380
1980,21485,美並村,5586
1980,21486,明方村,2359
1980,21487,和良村,2714
1980,21501,坂祝町,6366
1980,21502,富加町,5635
1980,21503,川辺町,10255
1980,21504,七宗町,6435
1980,21505,八百津町,15451
1980,21506,白川町,12922
1980,21507,東白川村,3578
1980,21521,御嵩町,16794
1980,21522,可児町,55248
1980,21523,兼山町,2042
1980,21541,笠原町,13501
1980,21561,坂下町,6368
1980,21562,川上村,987
1980,21563,加子母村,3620
1980,21564,付知町,6896
1980,21565,福岡町,6868
1980,21566,蛭川村,4026
1980,21567,岩村町,5911
1980,21568,山岡町,5974
1980,21569,明智町,7773
1980,21570,串原村,1225
1980,21571,上矢作町,3564
1980,21581,萩原町,11349
1980,21582,小坂町,4825
1980,21583,下呂町,15554
1980,21584,金山町,9238
1980,21585,馬瀬村,1615
1980,21601,丹生川村,4633
1980,21602,清見村,2551
1980,21603,荘川村,1694
1980,21604,白川村,2132
1980,21605,宮村,2230
1980,21606,久々野町,4408
1980,21607,朝日村,2401
1980,21608,高根村,1114
1980,21621,古川町,16283
1980,21622,国府町,7712
1980,21623,河合村,1878
1980,21624,宮川村,1727
1980,21625,神岡町,16212
1980,21626,上宝村,4481
1980,22000,静岡県,3446804
1980,22001,静岡県市部,2664687
1980,22002,静岡県郡部,782117
1980,22201,静岡市,458341
1980,22202,浜松市,490824
1980,22203,沼津市,203695
1980,22204,清水市,241576
1980,22205,熱海市,50082
1980,22206,三島市,94612
1980,22207,富士宮市,108208
1980,22208,伊東市,69638
1980,22209,島田市,70705
1980,22210,富士市,205751
1980,22211,磐田市,75810
1980,22212,焼津市,104363
1980,22213,掛川市,64843
1980,22214,藤枝市,103225
1980,22215,御殿場市,69261
1980,22216,袋井市,46490
1980,22217,天竜市,25126
1980,22218,浜北市,72472
1980,22219,下田市,31007
1980,22220,裾野市,41025
1980,22221,湖西市,37633
1980,22301,東伊豆町,17030
1980,22302,河津町,9509
1980,22304,南伊豆町,11722
1980,22305,松崎町,10013
1980,22306,西伊豆町,9721
1980,22307,賀茂村,4655
1980,22321,伊豆長岡町,13730
1980,22322,修善寺町,17721
1980,22323,戸田村,5013
1980,22324,土肥町,6650
1980,22325,函南町,28749
1980,22326,韮山町,15698
1980,22327,大仁町,14618
1980,22328,天城湯ヶ島町,8131
1980,22329,中伊豆町,7413
1980,22341,清水町,26408
1980,22342,長泉町,31423
1980,22344,小山町,23212
1980,22361,芝川町,10006
1980,22381,富士川町,16737
1980,22382,蒲原町,15634
1980,22383,由比町,11709
1980,22401,岡部町,11597
1980,22402,大井川町,19708
1980,22421,御前崎町,10915
1980,22422,相良町,25527
1980,22423,榛原町,23308
1980,22424,吉田町,21474
1980,22425,金谷町,21857
1980,22426,川根町,7957
1980,22427,中川根町,7930
1980,22428,本川根町,4846
1980,22442,大須賀町,11314
1980,22444,浜岡町,19859
1980,22445,小笠町,12150
1980,22446,菊川町,25931
1980,22447,大東町,18241
1980,22461,森町,20447
1980,22462,春野町,8437
1980,22481,浅羽町,11434
1980,22482,福田町,16997
1980,22483,竜洋町,15564
1980,22484,豊田町,21745
1980,22485,豊岡村,10635
1980,22486,龍山村,2082
1980,22487,佐久間町,9729
1980,22488,水窪町,5803
1980,22501,可美村,12389
1980,22502,舞阪町,11151
1980,22503,新居町,16619
1980,22505,雄踏町,13621
1980,22521,細江町,16754
1980,22522,引佐町,14450
1980,22523,三ケ日町,16144
1980,23000,愛知県,6221638
1980,23001,愛知県市部,5218609
1980,23002,愛知県郡部,1003029
1980,23100,名古屋市,2087902
1980,23101,千種区,166837
1980,23102,東区,70046
1980,23103,北区,179266
1980,23104,西区,151348
1980,23105,中村区,163978
1980,23106,中区,66562
1980,23107,昭和区,112912
1980,23108,瑞穂区,120679
1980,23109,熱田区,65553
1980,23110,中川区,191450
1980,23111,港区,132148
1980,23112,南区,163768
1980,23113,守山区,133953
1980,23114,緑区,145872
1980,23115,名東区,124087
1980,23116,天白区,99443
1980,23201,豊橋市,304273
1980,23202,岡崎市,262372
1980,23203,一宮市,253139
1980,23204,瀬戸市,120774
1980,23205,半田市,89328
1980,23206,春日井市,244119
1980,23207,豊川市,103097
1980,23208,津島市,59049
1980,23209,碧南市,62021
1980,23210,刈谷市,105643
1980,23211,豊田市,281608
1980,23212,安城市,123843
1980,23213,西尾市,86524
1980,23214,蒲郡市,85294
1980,23215,犬山市,64614
1980,23216,常滑市,54345
1980,23217,江南市,92141
1980,23218,尾西市,55088
1980,23219,小牧市,103233
1980,23220,稲沢市,90890
1980,23221,新城市,34558
1980,23222,東海市,96048
1980,23223,大府市,62277
1980,23224,知多市,64831
1980,23225,知立市,49432
1980,23226,尾張旭市,53151
1980,23227,高浜市,31548
1980,23228,岩倉市,42800
1980,23229,豊明市,54667
1980,23302,東郷町,22125
1980,23303,日進町,41024
1980,23304,長久手町,18610
1980,23341,西枇杷島町,18533
1980,23342,豊山町,13693
1980,23343,師勝町,38844
1980,23344,西春町,30234
1980,23345,春日村,6632
1980,23346,清洲町,17076
1980,23347,新川町,18897
1980,23361,大口町,16195
1980,23362,扶桑町,27254
1980,23381,木曽川町,27238
1980,23401,祖父江町,21535
1980,23402,平和町,13598
1980,23421,七宝町,21134
1980,23422,美和町,20786
1980,23423,甚目寺町,28270
1980,23424,大治町,19939
1980,23425,蟹江町,30966
1980,23426,十四山村,5656
1980,23427,飛島村,4709
1980,23428,弥富町,30801
1980,23429,佐屋町,27026
1980,23430,立田村,7795
1980,23431,八開村,4991
1980,23432,佐織町,21525
1980,23441,阿久比町,20880
1980,23442,東浦町,36035
1980,23445,南知多町,27017
1980,23446,美浜町,20820
1980,23447,武豊町,33924
1980,23481,一色町,25068
1980,23482,吉良町,20827
1980,23483,幡豆町,13591
1980,23501,幸田町,26163
1980,23502,額田町,8871
1980,23521,三好町,28552
1980,23522,藤岡町,6575
1980,23523,小原村,4436
1980,23541,足助町,11031
1980,23543,下山村,4057
1980,23544,旭町,4446
1980,23561,設楽町,7154
1980,23562,東栄町,6236
1980,23563,豊根村,1894
1980,23564,富山村,232
1980,23565,津具村,2167
1980,23566,稲武町,3718
1980,23581,鳳来町,16155
1980,23582,作手村,3526
1980,23601,音羽町,8151
1980,23602,一宮町,13437
1980,23603,小坂井町,19457
1980,23604,御津町,12942
1980,23621,田原町,28884
1980,23622,赤羽根町,6411
1980,23623,渥美町,25286
1980,24000,三重県,1686936
1980,24001,三重県市部,1124480
1980,24002,三重県郡部,562456
1980,24201,津市,144991
1980,24202,四日市市,255442
1980,24203,伊勢市,105621
1980,24204,松阪市,113481
1980,24205,桑名市,86606
1980,24206,上野市,60835
1980,24207,鈴鹿市,156250
1980,24208,名張市,44488
1980,24209,尾鷲市,31348
1980,24210,亀山市,33486
1980,24211,鳥羽市,28812
1980,24212,熊野市,26062
1980,24213,久居市,37058
1980,24301,多度町,11072
1980,24302,長島町,12632
1980,24303,木曽岬村,4986
1980,24321,北勢町,13427
1980,24322,員弁町,8339
1980,24323,大安町,11836
1980,24324,東員町,15538
1980,24325,藤原町,7989
1980,24341,菰野町,29373
1980,24342,楠町,11314
1980,24343,朝日町,6851
1980,24344,川越町,10645
1980,24361,関町,7092
1980,24381,河芸町,17011
1980,24382,芸濃町,9176
1980,24383,美里村,4346
1980,24384,安濃町,8850
1980,24402,香良洲町,5733
1980,24403,一志町,12625
1980,24404,白山町,15158
1980,24405,嬉野町,15994
1980,24406,美杉村,10495
1980,24407,三雲村,9181
1980,24421,飯南町,7257
1980,24422,飯高町,7272
1980,24441,多気町,10420
1980,24442,明和町,19504
1980,24443,大台町,8085
1980,24444,勢和村,5634
1980,24445,宮川村,5087
1980,24461,玉城町,11643
1980,24462,二見町,8972
1980,24463,小俣町,15463
1980,24464,南勢町,12918
1980,24465,南島町,10965
1980,24466,大宮町,6086
1980,24467,紀勢町,5996
1980,24468,御薗村,7240
1980,24469,大内山村,2062
1980,24470,度会町,8730
1980,24481,伊賀町,10208
1980,24482,島ケ原村,2989
1980,24483,阿山町,8149
1980,24484,大山田村,5768
1980,24501,青山町,7633
1980,24521,浜島町,7295
1980,24522,大王町,10030
1980,24523,志摩町,16378
1980,24524,阿児町,19380
1980,24525,磯部町,9982
1980,24541,紀伊長島町,13492
1980,24542,海山町,12776
1980,24561,御浜町,10544
1980,24562,紀宝町,8357
1980,24563,紀和町,2658
1980,24564,鵜殿村,3820
1980,25000,滋賀県,1079898
1980,25001,滋賀県市部,582024
1980,25002,滋賀県郡部,497874
1980,25201,大津市,215321
1980,25202,彦根市,89701
1980,25203,長浜市,54935
1980,25204,近江八幡市,60516
1980,25205,八日市市,37776
1980,25206,草津市,77012
1980,25207,守山市,46763
1980,25301,志賀町,13661
1980,25321,栗東町,37033
1980,25342,中主町,10480
1980,25343,野洲町,27664
1980,25361,石部町,8705
1980,25362,甲西町,24024
1980,25363,水口町,27471
1980,25364,土山町,9469
1980,25365,甲賀町,12025
1980,25366,甲南町,12727
1980,25367,信楽町,13511
1980,25381,安土町,10256
1980,25382,蒲生町,9636
1980,25383,日野町,21680
1980,25384,竜王町,10396
1980,25401,永源寺町,6841
1980,25402,五個荘町,9378
1980,25403,能登川町,19750
1980,25421,愛東町,5775
1980,25422,湖東町,9508
1980,25423,秦荘町,7962
1980,25424,愛知川町,9072
1980,25441,豊郷町,7194
1980,25442,甲良町,9058
1980,25443,多賀町,9284
1980,25461,山東町,12275
1980,25462,伊吹町,6354
1980,25463,米原町,12633
1980,25464,近江町,8073
1980,25481,浅井町,11876
1980,25482,虎姫町,6159
1980,25483,湖北町,8916
1980,25484,びわ町,7806
1980,25501,高月町,9615
1980,25502,木之本町,10373
1980,25503,余呉町,5058
1980,25504,西浅井町,5250
1980,25521,マキノ町,6716
1980,25522,今津町,12282
1980,25523,朽木村,2876
1980,25524,安曇川町,12746
1980,25525,高島町,6522
1980,25526,新旭町,9784
1980,26000,京都府,2527330
1980,26001,京都府市部,2189247
1980,26002,京都府郡部,338083
1980,26100,京都市,1473065
1980,26101,北区,136181
1980,26102,上京区,99262
1980,26103,左京区,185645
1980,26104,中京区,105921
1980,26105,東山区,62077
1980,26106,下京区,86821
1980,26107,南区,101713
1980,26108,右京区,192646
1980,26109,伏見区,257156
1980,26110,山科区,136318
1980,26111,西京区,109325
1980,26201,福知山市,63788
1980,26202,舞鶴市,97578
1980,26203,綾部市,42552
1980,26204,宇治市,152692
1980,26205,宮津市,28881
1980,26206,亀岡市,69410
1980,26207,城陽市,74350
1980,26208,向日市,50604
1980,26209,長岡京市,71445
1980,26210,八幡市,64882
1980,26303,大山崎町,16283
1980,26322,久御山町,16345
1980,26342,田辺町,39198
1980,26343,井手町,9258
1980,26344,宇治田原町,7180
1980,26361,山城町,9412
1980,26362,木津町,16049
1980,26363,加茂町,8970
1980,26364,笠置町,2506
1980,26365,和束町,6290
1980,26366,精華町,15334
1980,26367,南山城村,3396
1980,26381,京北町,7312
1980,26382,美山町,5931
1980,26401,園部町,14848
1980,26402,八木町,10802
1980,26403,丹波町,8423
1980,26404,日吉町,6634
1980,26405,瑞穂町,5906
1980,26406,和知町,5348
1980,26421,三和町,5031
1980,26422,夜久野町,6059
1980,26441,大江町,6520
1980,26461,加悦町,9013
1980,26462,岩滝町,7267
1980,26463,伊根町,4021
1980,26464,野田川町,11781
1980,26481,峰山町,14911
1980,26482,大宮町,10597
1980,26501,網野町,18823
1980,26502,丹後町,8956
1980,26503,弥栄町,6501
1980,26521,久美浜町,13178
1980,27000,大阪府,8473446
1980,27001,大阪府市部,8203989
1980,27002,大阪府郡部,269457
1980,27100,大阪市,2648180
1980,27101,北区,43741
1980,27102,都島区,83584
1980,27103,福島区,60101
1980,27104,此花区,73386
1980,27105,東区,27109
1980,27106,西区,53695
1980,27107,港区,96416
1980,27108,大正区,84041
1980,27109,天王寺区,55277
1980,27110,南区,36982
1980,27111,浪速区,50104
1980,27112,大淀区,44228
1980,27113,西淀川区,90691
1980,27114,東淀川区,165370
1980,27115,東成区,89138
1980,27116,生野区,173783
1980,27117,旭区,114182
1980,27118,城東区,157145
1980,27119,阿倍野区,117527
1980,27120,住吉区,166798
1980,27121,東住吉区,156999
1980,27122,西成区,150820
1980,27123,淀川区,154269
1980,27124,鶴見区,88687
1980,27125,住之江区,115227
1980,27126,平野区,198880
1980,27201,堺市,810106
1980,27202,岸和田市,180317
1980,27203,豊中市,403174
1980,27204,池田市,101121
1980,27205,吹田市,332418
1980,27206,泉大津市,67474
1980,27207,高槻市,340720
1980,27208,貝塚市,81162
1980,27209,守口市,165630
1980,27210,枚方市,353358
1980,27211,茨木市,234062
1980,27212,八尾市,272706
1980,27213,泉佐野市,90684
1980,27214,富田林市,97495
1980,27215,寝屋川市,255859
1980,27216,河内長野市,78572
1980,27217,松原市,135849
1980,27218,大東市,116635
1980,27219,和泉市,124322
1980,27220,箕面市,104112
1980,27221,柏原市,69836
1980,27222,羽曳野市,103181
1980,27223,門真市,138902
1980,27224,摂津市,80684
1980,27225,高石市,66815
1980,27226,藤井寺市,63726
1980,27227,東大阪市,521558
1980,27228,泉南市,53324
1980,27229,四条畷市,50582
1980,27230,交野市,61425
1980,27301,島本町,24663
1980,27321,豊能町,12471
1980,27322,能勢町,10024
1980,27341,忠岡町,18053
1980,27361,熊取町,25432
1980,27362,田尻町,7519
1980,27366,岬町,22864
1980,27367,阪南町,42612
1980,27381,太子町,8741
1980,27382,河南町,13967
1980,27383,千早赤阪村,7288
1980,27384,狭山町,46508
1980,27385,美原町,29315
1980,28000,兵庫県,5144892
1980,28001,兵庫県市部,4338357
1980,28002,兵庫県郡部,806535
1980,28100,神戸市,1367390
1980,28101,東灘区,183284
1980,28102,灘区,142313
1980,28103,葺合区,63516
1980,28104,生田区,51813
1980,28105,兵庫区,142418
1980,28106,長田区,163949
1980,28107,須磨区,155683
1980,28108,垂水区,299700
1980,28109,北区,164714
1980,28201,姫路市,446256
1980,28202,尼崎市,523650
1980,28203,明石市,254869
1980,28204,西宮市,410329
1980,28205,洲本市,44131
1980,28206,芦屋市,81745
1980,28207,伊丹市,178228
1980,28208,相生市,41498
1980,28209,豊岡市,47458
1980,28210,加古川市,212233
1980,28211,龍野市,40941
1980,28212,赤穂市,51046
1980,28213,西脇市,38303
1980,28214,宝塚市,183628
1980,28215,三木市,70201
1980,28216,高砂市,85463
1980,28217,川西市,129834
1980,28218,小野市,43574
1980,28219,三田市,36529
1980,28220,加西市,51051
1980,28301,猪名川町,11526
1980,28321,吉川町,8096
1980,28341,社町,17830
1980,28342,滝野町,9253
1980,28343,東条町,7192
1980,28361,中町,12028
1980,28362,加美町,7706
1980,28363,八千代町,6361
1980,28364,黒田庄町,8077
1980,28381,稲美町,27609
1980,28382,播磨町,26527
1980,28421,家島町,9718
1980,28422,夢前町,17171
1980,28441,神崎町,8575
1980,28442,市川町,15230
1980,28443,福崎町,18089
1980,28444,香寺町,16746
1980,28445,大河内町,5826
1980,28461,新宮町,17348
1980,28462,揖保川町,10407
1980,28463,御津町,12471
1980,28464,太子町,26686
1980,28481,上郡町,18388
1980,28501,佐用町,9717
1980,28502,上月町,6410
1980,28503,南光町,4987
1980,28504,三日月町,3760
1980,28521,山崎町,26764
1980,28522,安富町,4934
1980,28523,一宮町,12215
1980,28524,波賀町,5534
1980,28525,千種町,4571
1980,28541,城崎町,5303
1980,28542,竹野町,6409
1980,28543,香住町,15520
1980,28544,日高町,19415
1980,28561,出石町,11129
1980,28562,但東町,6734
1980,28581,村岡町,7930
1980,28582,浜坂町,12821
1980,28583,美方町,3244
1980,28584,温泉町,8693
1980,28601,八鹿町,13056
1980,28602,養父町,9611
1980,28603,大屋町,6142
1980,28604,関宮町,5170
1980,28621,生野町,5988
1980,28622,和田山町,16046
1980,28623,山東町,7029
1980,28624,朝来町,7787
1980,28641,柏原町,8260
1980,28642,氷上町,18991
1980,28643,青垣町,8253
1980,28644,春日町,13154
1980,28645,山南町,14265
1980,28646,市島町,10059
1980,28661,篠山町,22663
1980,28664,西紀町,4145
1980,28665,丹南町,11384
1980,28666,今田町,3493
1980,28681,津名町,17045
1980,28682,淡路町,9082
1980,28683,北淡町,12473
1980,28684,一宮町,10579
1980,28685,五色町,10695
1980,28686,東浦町,8471
1980,28701,緑町,5509
1980,28702,西淡町,13998
1980,28703,三原町,16004
1980,28704,南淡町,22233
1980,29000,奈良県,1209365
1980,29001,奈良県市部,811251
1980,29002,奈良県郡部,398114
1980,29201,奈良市,297953
1980,29202,大和高田市,61711
1980,29203,大和郡山市,81266
1980,29204,天理市,64894
1980,29205,橿原市,107316
1980,29206,櫻井市,56439
1980,29207,五条市,33824
1980,29208,御所市,37387
1980,29209,生駒市,70461
1980,29301,月ケ瀬村,2110
1980,29321,都祁村,5551
1980,29322,山添村,5822
1980,29342,平群町,16854
1980,29343,三郷町,17949
1980,29344,斑鳩町,25754
1980,29345,安堵村,6459
1980,29361,川西町,9446
1980,29362,三宅町,8560
1980,29363,田原本町,28172
1980,29381,大宇陀町,10638
1980,29382,菟田野町,5849
1980,29383,榛原町,17210
1980,29384,室生村,7404
1980,29385,曽爾村,3083
1980,29386,御杖村,3430
1980,29401,高取町,8909
1980,29402,明日香村,6987
1980,29421,新庄町,16631
1980,29422,當麻町,12915
1980,29423,香芝町,36314
1980,29424,上牧町,16452
1980,29425,王寺町,17213
1980,29426,広陵町,18427
1980,29427,河合町,15793
1980,29441,吉野町,15182
1980,29442,大淀町,16510
1980,29443,下市町,11460
1980,29444,黒滝村,1788
1980,29445,西吉野村,5175
1980,29446,天川村,3207
1980,29447,野迫川村,1121
1980,29448,大塔村,1090
1980,29449,十津川村,6627
1980,29450,下北山村,1800
1980,29451,上北山村,1155
1980,29452,川上村,4151
1980,29453,東吉野村,4916
1980,30000,和歌山県,1087012
1980,30001,和歌山県市部,664900
1980,30002,和歌山県郡部,422112
1980,30201,和歌山市,400802
1980,30202,海南市,52530
1980,30203,橋本市,35919
1980,30204,有田市,35683
1980,30205,御坊市,30398
1980,30206,田辺市,69575
1980,30207,新宮市,39993
1980,30301,下津町,17412
1980,30302,野上町,9969
1980,30303,美里町,5656
1980,30321,打田町,12934
1980,30322,粉河町,17094
1980,30323,那賀町,10189
1980,30324,桃山町,9176
1980,30325,貴志川町,12825
1980,30326,岩出町,24125
1980,30341,かつらぎ町,23695
1980,30342,高野口町,16697
1980,30343,九度山町,7693
1980,30344,高野町,7236
1980,30345,花園村,801
1980,30361,湯浅町,17037
1980,30362,広川町,9178
1980,30363,吉備町,13077
1980,30364,金屋町,11166
1980,30365,清水町,6701
1980,30381,美浜町,8832
1980,30382,日高町,6973
1980,30383,由良町,9468
1980,30384,川辺町,6341
1980,30385,中津村,2729
1980,30386,美山村,3204
1980,30387,龍神村,5353
1980,30388,南部川村,6640
1980,30389,南部町,8750
1980,30390,印南町,10767
1980,30401,白浜町,19602
1980,30402,中辺路町,4636
1980,30403,大塔村,3512
1980,30404,上富田町,11835
1980,30405,日置川町,6400
1980,30406,すさみ町,7299
1980,30407,串本町,18852
1980,30421,那智勝浦町,23006
1980,30422,太地町,4539
1980,30423,古座町,7404
1980,30424,古座川町,5030
1980,30425,熊野川町,2435
1980,30426,本宮町,5054
1980,30427,北山村,790
1980,31000,鳥取県,604221
1980,31001,鳥取県市部,347982
1980,31002,鳥取県郡部,256239
1980,31201,鳥取市,131060
1980,31202,米子市,127374
1980,31203,倉吉市,52270
1980,31204,境港市,37278
1980,31301,国府町,8558
1980,31302,岩美町,15969
1980,31303,福部村,3168
1980,31321,郡家町,9808
1980,31322,船岡町,4988
1980,31323,河原町,9133
1980,31324,八東町,6507
1980,31325,若桜町,6633
1980,31326,用瀬町,5025
1980,31327,佐治村,3668
1980,31328,智頭町,11504
1980,31341,気高町,10006
1980,31342,鹿野町,4671
1980,31343,青谷町,9312
1980,31361,羽合町,6768
1980,31362,泊村,3498
1980,31363,東郷町,7222
1980,31364,三朝町,8771
1980,31365,関金町,4982
1980,31366,北条町,6591
1980,31367,大栄町,9181
1980,31368,東伯町,12724
1980,31369,赤碕町,9426
1980,31381,西伯町,8459
1980,31382,会見町,4013
1980,31383,岸本町,6065
1980,31384,日吉津村,2552
1980,31385,淀江町,8679
1980,31386,大山町,7741
1980,31387,名和町,8542
1980,31388,中山町,6073
1980,31401,日南町,8889
1980,31402,日野町,6092
1980,31403,江府町,5015
1980,31404,溝口町,6006
1980,32000,島根県,784795
1980,32001,島根県市部,446443
1980,32002,島根県郡部,338352
1980,32201,松江市,135568
1980,32202,浜田市,50799
1980,32203,出雲市,77303
1980,32204,益田市,52756
1980,32205,大田市,38026
1980,32206,安来市,32660
1980,32207,江津市,28264
1980,32208,平田市,31067
1980,32301,鹿島町,9094
1980,32302,島根町,4982
1980,32303,美保関町,8484
1980,32304,東出雲町,10889
1980,32305,八雲村,4736
1980,32306,玉湯町,6238
1980,32307,宍道町,9841
1980,32308,八束町,4341
1980,32321,広瀬町,10723
1980,32322,伯太町,5938
1980,32341,仁多町,9961
1980,32342,横田町,9096
1980,32361,大東町,16832
1980,32362,加茂町,6905
1980,32363,木次町,11009
1980,32381,三刀屋町,9400
1980,32382,吉田村,2829
1980,32383,掛合町,4502
1980,32384,頓原町,3431
1980,32385,赤来町,4340
1980,32401,斐川町,23829
1980,32402,佐田町,5429
1980,32403,多伎町,4498
1980,32404,湖陵町,5951
1980,32405,大社町,18203
1980,32421,温泉津町,5703
1980,32422,仁摩町,5841
1980,32441,川本町,6303
1980,32442,邑智町,6270
1980,32443,大和村,2568
1980,32444,羽須美村,2907
1980,32445,瑞穂町,5680
1980,32446,石見町,7147
1980,32447,桜江町,4521
1980,32462,金城町,5329
1980,32463,旭町,4058
1980,32464,弥栄村,2179
1980,32465,三隅町,9765
1980,32481,美都町,3551
1980,32482,匹見町,2733
1980,32501,津和野町,7853
1980,32502,日原町,5570
1980,32503,柿木村,2337
1980,32504,六日市町,7078
1980,32521,西郷町,14794
1980,32522,布施村,674
1980,32523,五箇村,2328
1980,32524,都万村,2247
1980,32525,海士町,3537
1980,32526,西ノ島町,4830
1980,32527,知夫村,1068
1980,33000,岡山県,1871023
1980,33001,岡山県市部,1348111
1980,33002,岡山県郡部,522912
1980,33201,岡山市,545765
1980,33202,倉敷市,403785
1980,33203,津山市,83136
1980,33204,玉野市,77803
1980,33205,笠岡市,61917
1980,33207,井原市,37373
1980,33208,総社市,49107
1980,33209,高梁市,27260
1980,33210,新見市,28933
1980,33211,備前市,33032
1980,33301,御津町,11251
1980,33303,建部町,8316
1980,33305,加茂川町,6750
1980,33321,瀬戸町,13677
1980,33322,山陽町,18673
1980,33323,赤坂町,5696
1980,33324,熊山町,5949
1980,33325,吉井町,6689
1980,33342,日生町,10821
1980,33344,吉永町,5453
1980,33345,佐伯町,5018
1980,33346,和気町,14070
1980,33361,牛窓町,9319
1980,33362,邑久町,19611
1980,33363,長船町,9009
1980,33401,灘崎町,11415
1980,33423,早島町,10816
1980,33427,山手村,3078
1980,33428,清音村,4680
1980,33441,船穂町,7593
1980,33442,金光町,12803
1980,33443,鴨方町,18602
1980,33444,寄島町,7955
1980,33445,里庄町,9038
1980,33461,矢掛町,18400
1980,33462,美星町,6856
1980,33481,芳井町,7440
1980,33503,眞備町,20793
1980,33521,有漢町,3118
1980,33522,北房町,7151
1980,33523,賀陽町,8616
1980,33541,成羽町,7100
1980,33542,川上町,5278
1980,33543,備中町,4257
1980,33561,大佐町,4566
1980,33562,神郷町,3157
1980,33563,哲多町,4398
1980,33564,哲西町,3828
1980,33581,勝山町,11021
1980,33582,落合町,17115
1980,33583,湯原町,4570
1980,33584,久世町,11730
1980,33585,美甘村,2126
1980,33586,新庄村,1357
1980,33587,川上村,2531
1980,33588,八束村,3316
1980,33589,中和村,1026
1980,33601,加茂町,6577
1980,33602,富村,1150
1980,33603,奥津町,3669
1980,33604,上齋原村,1127
1980,33605,阿波村,845
1980,33606,鏡野町,11547
1980,33621,勝田町,4427
1980,33622,勝央町,10382
1980,33623,奈義町,7818
1980,33624,勝北町,7638
1980,33641,大原町,5449
1980,33642,東粟倉村,1454
1980,33643,西粟倉村,1923
1980,33644,美作町,14171
1980,33645,作東町,8976
1980,33646,英田町,3953
1980,33661,中央町,7744
1980,33662,旭町,4412
1980,33663,久米南町,7257
1980,33664,久米町,8488
1980,33665,柵原町,7873
1980,34000,広島県,2739161
1980,34001,広島県市部,1963617
1980,34002,広島県郡部,775544
1980,34100,広島市,899399
1980,34101,中区,138486
1980,34102,東区,117286
1980,34103,南区,151534
1980,34104,西区,155352
1980,34105,安佐南区,157728
1980,34106,安佐北区,113238
1980,34107,安芸区,65775
1980,34202,呉市,234549
1980,34203,竹原市,36895
1980,34204,三原市,84450
1980,34205,尾道市,102056
1980,34206,因島市,38579
1980,34207,福山市,346030
1980,34208,府中市,49026
1980,34209,三次市,37877
1980,34210,庄原市,22874
1980,34211,大竹市,36075
1980,34212,東広島市,75807
1980,34302,府中町,47817
1980,34304,海田町,29934
1980,34307,熊野町,24252
1980,34309,坂町,13350
1980,34310,江田島町,17021
1980,34311,音戸町,17701
1980,34312,倉橋町,10774
1980,34313,下蒲刈町,4091
1980,34314,蒲刈町,4356
1980,34321,五日市町,87325
1980,34322,廿日市町,42315
1980,34323,大野町,19968
1980,34324,湯来町,6012
1980,34325,佐伯町,9900
1980,34326,吉和村,1104
1980,34327,宮島町,3305
1980,34328,能美町,7364
1980,34329,沖美町,5551
1980,34330,大柿町,11956
1980,34361,加計町,6697
1980,34362,筒賀村,1965
1980,34363,戸河内町,4122
1980,34364,芸北町,3846
1980,34365,大朝町,4396
1980,34366,千代田町,10017
1980,34367,豊平町,5484
1980,34381,吉田町,10901
1980,34382,八千代町,4253
1980,34383,美土里町,4082
1980,34384,高宮町,5308
1980,34385,甲田町,6657
1980,34386,向原町,5783
1980,34402,黒瀬町,14747
1980,34405,福富町,3212
1980,34406,豊栄町,5466
1980,34407,大和町,8648
1980,34408,河内町,7782
1980,34421,本郷町,9861
1980,34422,安芸津町,13857
1980,34423,安浦町,12040
1980,34424,川尻町,10185
1980,34425,豊浜町,4017
1980,34426,豊町,5053
1980,34427,大崎町,5643
1980,34428,東野町,4700
1980,34429,木江町,4803
1980,34430,瀬戸田町,12012
1980,34441,御調町,8599
1980,34442,久井町,6277
1980,34444,向島町,19655
1980,34461,甲山町,7789
1980,34462,世羅町,9654
1980,34463,世羅西町,5040
1980,34481,内海町,4241
1980,34482,沼隈町,14403
1980,34501,神辺町,37198
1980,34524,新市町,23803
1980,34541,油木町,4241
1980,34542,神石町,3758
1980,34543,豊松村,2351
1980,34544,三和町,5382
1980,34561,上下町,7183
1980,34562,総領町,2402
1980,34563,甲奴町,3810
1980,34581,君田村,2105
1980,34582,布野村,2255
1980,34583,作木村,2701
1980,34584,吉舎町,6168
1980,34585,三良坂町,4167
1980,34586,三和町,4499
1980,34601,西城町,6482
1980,34602,東城町,12982
1980,34603,口和町,3288
1980,34604,高野町,2992
1980,34605,比和町,2486
1980,35000,山口県,1587079
1980,35001,山口県市部,1212525
1980,35002,山口県郡部,374554
1980,35201,下関市,268957
1980,35202,宇部市,168958
1980,35203,山口市,114744
1980,35204,萩市,53693
1980,35205,徳山市,111469
1980,35206,防府市,111468
1980,35207,下松市,54803
1980,35208,岩国市,112525
1980,35209,小野田市,44803
1980,35210,光市,48991
1980,35211,長門市,27574
1980,35212,柳井市,38234
1980,35213,美祢市,21939
1980,35214,新南陽市,34367
1980,35301,久賀町,5963
1980,35302,大島町,9981
1980,35303,東和町,7711
1980,35304,橘町,8366
1980,35321,和木町,7516
1980,35322,由宇町,8620
1980,35323,玖珂町,10031
1980,35324,本郷村,1755
1980,35325,周東町,15685
1980,35326,錦町,6296
1980,35327,大畠町,4678
1980,35328,美川町,2967
1980,35329,美和町,5813
1980,35341,上関町,6773
1980,35342,大和町,8914
1980,35343,田布施町,16636
1980,35344,平生町,14118
1980,35345,熊毛町,14761
1980,35361,鹿野町,5721
1980,35381,徳地町,11137
1980,35401,秋穂町,9060
1980,35402,小郡町,18832
1980,35403,阿知須町,8327
1980,35421,楠町,7662
1980,35422,山陽町,23509
1980,35441,菊川町,8015
1980,35442,豊田町,8602
1980,35443,豊浦町,21866
1980,35444,豊北町,18038
1980,35461,美東町,6791
1980,35462,秋芳町,8177
1980,35481,三隅町,7204
1980,35482,日置町,5178
1980,35483,油谷町,10936
1980,35501,川上村,1457
1980,35502,阿武町,6272
1980,35503,田万川町,5421
1980,35504,阿東町,11490
1980,35505,むつみ村,3011
1980,35506,須佐町,4869
1980,35507,旭村,2811
1980,35508,福栄村,3584
1980,36000,徳島県,825261
1980,36001,徳島県市部,417655
1980,36002,徳島県郡部,407606
1980,36201,徳島市,249343
1980,36202,鳴門市,63423
1980,36203,小松島市,43636
1980,36204,阿南市,61253
1980,36301,勝浦町,7811
1980,36302,上勝町,2918
1980,36321,佐那河内村,3828
1980,36341,石井町,24434
1980,36342,神山町,11156
1980,36361,那賀川町,10122
1980,36362,羽ノ浦町,11340
1980,36363,鷲敷町,3517
1980,36364,相生町,3954
1980,36365,上那賀町,3144
1980,36366,木沢村,1340
1980,36367,木頭村,2405
1980,36381,由岐町,4724
1980,36382,日和佐町,7142
1980,36383,牟岐町,7697
1980,36384,海南町,6856
1980,36385,海部町,3409
1980,36386,宍喰町,4132
1980,36401,松茂町,10196
1980,36402,北島町,16466
1980,36403,藍住町,19713
1980,36404,板野町,13562
1980,36405,上板町,12074
1980,36406,吉野町,9060
1980,36407,土成町,8491
1980,36421,市場町,12354
1980,36422,阿波町,13918
1980,36441,鴨島町,26106
1980,36442,川島町,8072
1980,36443,山川町,12243
1980,36444,美郷村,2256
1980,36461,脇町,19194
1980,36462,美馬町,10230
1980,36463,半田町,7915
1980,36464,貞光町,8013
1980,36465,一宇村,2929
1980,36466,穴吹町,9878
1980,36467,木屋平村,2340
1980,36481,三野町,5226
1980,36482,三好町,6166
1980,36483,池田町,21292
1980,36484,山城町,7721
1980,36485,井川町,6384
1980,36486,三加茂町,9444
1980,36487,東祖谷山村,3710
1980,36488,西祖谷山村,2724
1980,37000,香川県,999864
1980,37001,香川県市部,536798
1980,37002,香川県郡部,463066
1980,37201,高松市,316661
1980,37202,丸亀市,70840
1980,37203,坂出市,66290
1980,37204,善通寺市,38080
1980,37205,観音寺市,44927
1980,37301,引田町,10869
1980,37302,白鳥町,14411
1980,37303,大内町,17830
1980,37304,津田町,9634
1980,37305,大川町,7946
1980,37306,志度町,19059
1980,37307,寒川町,6128
1980,37308,長尾町,12809
1980,37321,内海町,15452
1980,37322,土庄町,21398
1980,37323,池田町,6718
1980,37341,三木町,24989
1980,37342,牟礼町,15739
1980,37343,庵治町,7914
1980,37361,塩江町,4598
1980,37362,香川町,19360
1980,37363,香南町,6658
1980,37364,直島町,5302
1980,37381,綾上町,8094
1980,37382,綾南町,15923
1980,37383,国分寺町,15617
1980,37384,綾歌町,10162
1980,37385,飯山町,13847
1980,37386,宇多津町,11341
1980,37401,琴南町,4222
1980,37402,満濃町,13541
1980,37403,琴平町,13807
1980,37404,多度津町,22965
1980,37405,仲南町,5286
1980,37421,高瀬町,17522
1980,37422,山本町,8121
1980,37423,三野町,9334
1980,37424,大野原町,13264
1980,37425,豊中町,11840
1980,37426,詫間町,17782
1980,37427,仁尾町,8123
1980,37428,豊浜町,10244
1980,37429,財田町,5217
1980,38000,愛媛県,1506637
1980,38001,愛媛県市部,1035146
1980,38002,愛媛県郡部,471491
1980,38201,松山市,401703
1980,38202,今治市,123234
1980,38203,宇和島市,71586
1980,38204,八幡浜市,43823
1980,38205,新居浜市,132339
1980,38206,西条市,54082
1980,38207,大洲市,38719
1980,38208,川之江市,37213
1980,38209,伊予三島市,38476
1980,38210,伊豫市,29725
1980,38211,北条市,30409
1980,38212,東予市,33837
1980,38301,新宮村,2450
1980,38302,土居町,17029
1980,38303,別子山村,397
1980,38321,小松町,10123
1980,38323,丹原町,14919
1980,38341,朝倉村,4422
1980,38342,玉川町,6005
1980,38343,波方町,10587
1980,38344,大西町,9374
1980,38345,菊間町,9934
1980,38346,吉海町,6077
1980,38347,宮窪町,4890
1980,38348,伯方町,9977
1980,38349,魚島村,515
1980,38350,弓削町,6011
1980,38351,生名村,3082
1980,38352,岩城村,3061
1980,38353,上浦町,5331
1980,38354,大三島町,6518
1980,38355,関前村,1469
1980,38361,重信町,20070
1980,38362,川内町,9206
1980,38363,中島町,10035
1980,38381,久万町,8802
1980,38382,面河村,1464
1980,38383,美川村,3718
1980,38384,柳谷村,2241
1980,38385,小田町,5439
1980,38401,松前町,27568
1980,38402,砥部町,16458
1980,38403,広田村,1500
1980,38404,中山町,5953
1980,38405,双海町,7164
1980,38421,長浜町,12314
1980,38422,内子町,13415
1980,38423,五十崎町,6482
1980,38424,肱川町,3972
1980,38425,河辺村,2009
1980,38441,保内町,11934
1980,38442,伊方町,8502
1980,38443,瀬戸町,4103
1980,38444,三崎町,6148
1980,38445,三瓶町,11703
1980,38461,明浜町,6204
1980,38462,宇和町,18305
1980,38463,野村町,13751
1980,38464,城川町,6212
1980,38481,吉田町,15920
1980,38482,三間町,7353
1980,38483,広見町,13074
1980,38484,松野町,5912
1980,38485,日吉村,2528
1980,38486,津島町,16061
1980,38501,内海村,2501
1980,38502,御荘町,10136
1980,38503,城辺町,12023
1980,38504,一本松町,4123
1980,38505,西海町,5017
1980,39000,高知県,831275
1980,39001,高知県市部,546123
1980,39002,高知県郡部,285152
1980,39201,高知市,300822
1980,39202,室戸市,26086
1980,39203,安芸市,25022
1980,39204,南国市,44866
1980,39205,土佐市,31677
1980,39206,須崎市,31852
1980,39207,中村市,35466
1980,39208,宿毛市,26080
1980,39209,土佐清水市,24252
1980,39301,東洋町,4943
1980,39302,奈半利町,4874
1980,39303,田野町,4149
1980,39304,安田町,4428
1980,39305,北川村,1907
1980,39306,馬路村,1740
1980,39307,芸西村,4653
1980,39321,赤岡町,4052
1980,39322,香我美町,5872
1980,39323,土佐山田町,22909
1980,39324,野市町,11483
1980,39325,夜須町,4879
1980,39326,香北町,6144
1980,39327,吉川村,2207
1980,39328,物部村,4825
1980,39341,本山町,6011
1980,39344,大豊町,9411
1980,39361,鏡村,1806
1980,39362,土佐山村,1383
1980,39363,土佐町,6663
1980,39364,大川村,906
1980,39365,本川村,1716
1980,39381,伊野町,22636
1980,39382,池川町,3461
1980,39383,春野町,14255
1980,39384,吾川村,4371
1980,39385,吾北村,4684
1980,39401,中土佐町,8825
1980,39402,佐川町,16114
1980,39403,越知町,9052
1980,39404,窪川町,17646
1980,39405,檮原町,5750
1980,39406,大野見村,1928
1980,39407,東津野村,3537
1980,39408,葉山村,5175
1980,39409,仁淀村,3840
1980,39410,日高村,6100
1980,39421,佐賀町,4986
1980,39422,大正町,3991
1980,39423,大方町,11130
1980,39424,大月町,8865
1980,39425,十和村,4801
1980,39426,西土佐村,4849
1980,39427,三原村,2195
1980,40000,福岡県,4553461
1980,40001,福岡県市部,3341703
1980,40002,福岡県郡部,1211758
1980,40100,北九州市,1065078
1980,40101,門司区,142222
1980,40103,若松区,87166
1980,40105,戸畑区,80797
1980,40106,小倉北区,217204
1980,40107,小倉南区,181740
1980,40108,八幡東区,107880
1980,40109,八幡西区,248069
1980,40130,福岡市,1088588
1980,40131,東区,197197
1980,40132,博多区,162367
1980,40133,中央区,123614
1980,40134,南区,211485
1980,40135,西区,393925
1980,40202,大牟田市,163000
1980,40203,久留米市,216972
1980,40204,直方市,62595
1980,40205,飯塚市,80288
1980,40206,田川市,60077
1980,40207,柳川市,45587
1980,40208,山田市,14856
1980,40209,甘木市,42863
1980,40210,八女市,39408
1980,40211,筑後市,41698
1980,40212,大川市,49537
1980,40213,行橋市,61838
1980,40214,豊前市,31701
1980,40215,中間市,48647
1980,40216,小郡市,41057
1980,40217,筑紫野市,57966
1980,40218,春日市,65838
1980,40219,大野城市,64109
1980,40302,太宰府町,50273
1980,40305,那珂川町,24840
1980,40341,宇美町,23966
1980,40342,篠栗町,19662
1980,40343,志免町,32241
1980,40344,須惠町,18546
1980,40345,新宮町,13863
1980,40347,古賀町,35562
1980,40348,久山町,7657
1980,40349,粕屋町,26810
1980,40361,宗像町,56439
1980,40362,福間町,29320
1980,40363,津屋崎町,12811
1980,40364,玄海町,9243
1980,40365,大島村,1303
1980,40381,芦屋町,18934
1980,40382,水巻町,27196
1980,40383,岡垣町,25327
1980,40384,遠賀町,14188
1980,40401,小竹町,11228
1980,40402,鞍手町,19079
1980,40403,宮田町,23243
1980,40404,若宮町,10427
1980,40421,桂川町,12780
1980,40422,稲築町,20985
1980,40423,碓井町,6811
1980,40424,嘉穂町,12051
1980,40425,筑穂町,10775
1980,40426,穂波町,27166
1980,40427,庄内町,9656
1980,40428,頴田町,7967
1980,40441,杷木町,10025
1980,40442,朝倉町,11735
1980,40443,三輪町,10335
1980,40444,夜須町,11938
1980,40445,小石原村,1407
1980,40446,宝珠山村,2187
1980,40461,前原町,40763
1980,40462,二丈町,11122
1980,40463,志摩町,14335
1980,40481,吉井町,17872
1980,40482,田主丸町,22437
1980,40483,浮羽町,18890
1980,40501,北野町,13384
1980,40503,大刀洗町,13203
1980,40521,城島町,13975
1980,40522,大木町,12721
1980,40523,三潴町,13523
1980,40541,黒木町,17705
1980,40542,上陽町,5483
1980,40543,立花町,14904
1980,40544,広川町,17154
1980,40545,矢部村,2696
1980,40546,星野村,4882
1980,40561,瀬高町,27219
1980,40562,大和町,19283
1980,40563,三橋町,17315
1980,40564,山川町,6412
1980,40581,高田町,17782
1980,40601,香春町,14716
1980,40602,添田町,16196
1980,40603,金田町,8957
1980,40604,糸田町,10872
1980,40605,川崎町,22872
1980,40606,赤池町,9214
1980,40607,方城町,7933
1980,40608,大任町,6653
1980,40609,赤村,3853
1980,40621,苅田町,31155
1980,40622,犀川町,9653
1980,40623,勝山町,7049
1980,40624,豊津町,9371
1980,40641,椎田町,14192
1980,40642,吉富町,7749
1980,40643,築城町,11507
1980,40644,新吉富村,3934
1980,40645,大平村,4846
1980,41000,佐賀県,865574
1980,41001,佐賀県市部,451853
1980,41002,佐賀県郡部,413721
1980,41201,佐賀市,163765
1980,41202,唐津市,77710
1980,41203,鳥栖市,54254
1980,41204,多久市,25636
1980,41205,伊万里市,61243
1980,41206,武雄市,34239
1980,41207,鹿島市,35006
1980,41301,諸富町,12239
1980,41302,川副町,20285
1980,41303,東与賀町,6613
1980,41304,久保田町,6869
1980,41305,大和町,18039
1980,41306,富士町,6382
1980,41321,神埼町,17377
1980,41322,千代田町,11960
1980,41323,三田川町,8859
1980,41324,東脊振村,5647
1980,41325,脊振村,2478
1980,41326,三瀬村,1837
1980,41341,基山町,11501
1980,41342,中原町,8509
1980,41343,北茂安町,10574
1980,41344,三根町,8674
1980,41345,上峰村,6682
1980,41361,小城町,13882
1980,41362,三日月町,8295
1980,41363,牛津町,8555
1980,41364,芦刈町,7107
1980,41381,浜玉町,10474
1980,41382,七山村,3360
1980,41383,厳木町,8056
1980,41384,相知町,10492
1980,41385,北波多村,5021
1980,41386,肥前町,11118
1980,41387,玄海町,7463
1980,41388,鎮西町,8626
1980,41389,呼子町,7367
1980,41401,有田町,14673
1980,41402,西有田町,8822
1980,41421,山内町,9892
1980,41422,北方町,9025
1980,41423,大町町,9776
1980,41424,江北町,9732
1980,41425,白石町,15467
1980,41426,福富町,6255
1980,41427,有明町,10068
1980,41441,太良町,12911
1980,41442,塩田町,12370
1980,41443,嬉野町,20389
1980,42000,長崎県,1590564
1980,42001,長崎県市部,980799
1980,42002,長崎県郡部,609765
1980,42201,長崎市,447091
1980,42202,佐世保市,251187
1980,42203,島原市,46637
1980,42204,諫早市,83723
1980,42205,大村市,65538
1980,42206,福江市,32135
1980,42207,平戸市,29923
1980,42208,松浦市,24565
1980,42301,香焼町,5454
1980,42302,伊王島町,1683
1980,42303,高島町,6596
1980,42304,野母崎町,10553
1980,42305,三和町,9743
1980,42306,多良見町,11531
1980,42307,長与町,28824
1980,42308,時津町,20377
1980,42309,琴海町,9964
1980,42310,西彼町,9813
1980,42311,西海町,9571
1980,42312,大島町,7733
1980,42313,崎戸町,3621
1980,42314,大瀬戸町,10326
1980,42315,外海町,11715
1980,42321,東彼杵町,10353
1980,42322,川棚町,14479
1980,42323,波佐見町,15498
1980,42341,森山町,5838
1980,42342,飯盛町,8073
1980,42343,高来町,10801
1980,42344,小長井町,7373
1980,42361,有明町,12253
1980,42362,国見町,12443
1980,42363,瑞穂町,6116
1980,42364,吾妻町,8276
1980,42365,愛野町,4544
1980,42366,千々石町,6520
1980,42367,小浜町,15199
1980,42368,南串山町,5763
1980,42369,加津佐町,10152
1980,42370,口之津町,8938
1980,42371,南有馬町,8159
1980,42372,北有馬町,5417
1980,42373,西有家町,10088
1980,42374,有家町,10102
1980,42375,布津町,5767
1980,42376,深江町,7933
1980,42381,大島村,2500
1980,42382,生月町,9552
1980,42383,小値賀町,5684
1980,42384,宇久町,5840
1980,42385,田平町,8874
1980,42386,福島町,4001
1980,42387,鷹島町,3912
1980,42388,江迎町,7175
1980,42389,鹿町町,6293
1980,42390,小佐々町,7103
1980,42391,佐々町,11812
1980,42392,吉井町,5697
1980,42393,世知原町,4936
1980,42401,富江町,8747
1980,42402,玉之浦町,3305
1980,42403,三井楽町,5811
1980,42404,岐宿町,5577
1980,42405,奈留町,5372
1980,42406,若松町,6500
1980,42407,上五島町,9257
1980,42408,新魚目町,7118
1980,42409,有川町,9882
1980,42410,奈良尾町,5383
1980,42421,郷ノ浦町,15087
1980,42422,勝本町,8712
1980,42423,芦辺町,11546
1980,42424,石田町,5690
1980,42441,厳原町,18564
1980,42442,美津島町,9382
1980,42443,豊玉町,5604
1980,42444,峰町,4042
1980,42445,上県町,5915
1980,42446,上対馬町,7303
1980,43000,熊本県,1790327
1980,43001,熊本県市部,980155
1980,43002,熊本県郡部,810172
1980,43201,熊本市,525662
1980,43202,八代市,108194
1980,43203,人吉市,42236
1980,43204,荒尾市,61485
1980,43205,水俣市,37150
1980,43206,玉名市,44714
1980,43207,本渡市,42460
1980,43208,山鹿市,32837
1980,43209,牛深市,24003
1980,43210,菊池市,28460
1980,43211,宇土市,32954
1980,43301,北部町,14544
1980,43302,河内町,8783
1980,43303,飽田町,9240
1980,43304,天明町,10591
1980,43321,三角町,13271
1980,43322,不知火町,9839
1980,43341,城南町,14922
1980,43342,富合町,8492
1980,43343,松橋町,19492
1980,43344,小川町,14181
1980,43345,豊野村,5629
1980,43346,中央町,5384
1980,43347,砥用町,9343
1980,43361,岱明町,13989
1980,43362,横島町,5969
1980,43363,天水町,7652
1980,43364,玉東町,6315
1980,43365,菊水町,7320
1980,43366,三加和町,6652
1980,43367,南関町,12498
1980,43368,長洲町,16715
1980,43381,鹿北町,6348
1980,43382,菊鹿町,8563
1980,43383,鹿本町,9048
1980,43384,鹿央町,6043
1980,43385,植木町,27002
1980,43401,七城町,5760
1980,43402,旭志村,5367
1980,43403,大津町,19894
1980,43404,菊陽町,20152
1980,43405,合志町,13881
1980,43406,泗水町,9940
1980,43407,西合志町,17975
1980,43421,一の宮町,11150
1980,43422,阿蘇町,20655
1980,43423,南小国町,5319
1980,43424,小国町,10813
1980,43425,産山村,1981
1980,43426,波野村,2199
1980,43427,蘇陽町,5858
1980,43428,高森町,8806
1980,43429,白水村,5101
1980,43430,久木野村,2677
1980,43431,長陽村,5232
1980,43432,西原村,4824
1980,43441,御船町,17536
1980,43442,嘉島町,7731
1980,43443,益城町,24269
1980,43444,甲佐町,12989
1980,43445,矢部町,16168
1980,43446,清和村,4310
1980,43461,坂本村,9239
1980,43462,千丁町,7268
1980,43463,鏡町,18578
1980,43464,竜北町,9263
1980,43465,宮原町,5361
1980,43466,東陽村,3307
1980,43467,泉村,3803
1980,43481,田浦町,7019
1980,43482,芦北町,20394
1980,43484,津奈木町,6053
1980,43501,錦町,10679
1980,43502,上村,6037
1980,43503,免田町,6317
1980,43504,岡原村,3405
1980,43505,多良木町,14598
1980,43506,湯前町,6038
1980,43507,水上村,3668
1980,43508,須恵村,1562
1980,43509,深田村,2203
1980,43510,相良村,5932
1980,43511,五木村,3086
1980,43512,山江村,4276
1980,43513,球磨村,6984
1980,43521,大矢野町,19530
1980,43522,松島町,10071
1980,43523,有明町,7801
1980,43524,姫戸町,4445
1980,43525,龍ケ岳町,6636
1980,43526,御所浦町,5395
1980,43527,倉岳町,4807
1980,43528,栖本町,3519
1980,43529,新和町,5244
1980,43530,五和町,13310
1980,43531,苓北町,10897
1980,43532,天草町,6514
1980,43533,河浦町,8521
1980,44000,大分県,1228913
1980,44001,大分県市部,868156
1980,44002,大分県郡部,360757
1980,44201,大分市,360478
1980,44202,別府市,136485
1980,44203,中津市,63941
1980,44204,日田市,65358
1980,44205,佐伯市,54306
1980,44206,臼杵市,39754
1980,44207,津久見市,30454
1980,44208,竹田市,22767
1980,44209,豊後高田市,21041
1980,44210,杵築市,21994
1980,44211,宇佐市,51578
1980,44301,大田村,2380
1980,44302,真玉町,4868
1980,44303,香々地町,4796
1980,44321,国見町,7545
1980,44322,姫島村,3234
1980,44323,国東町,16934
1980,44324,武蔵町,5810
1980,44325,安岐町,10215
1980,44341,日出町,21464
1980,44342,山香町,10692
1980,44361,野津原町,6389
1980,44362,挟間町,11639
1980,44363,庄内町,11164
1980,44364,湯布院町,11905
1980,44381,佐賀関町,18768
1980,44401,上浦町,3605
1980,44402,弥生町,7270
1980,44403,本匠村,2739
1980,44404,宇目町,5173
1980,44405,直川村,3606
1980,44406,鶴見町,5526
1980,44407,米水津村,3051
1980,44408,蒲江町,11258
1980,44421,野津町,11548
1980,44422,三重町,19001
1980,44423,清川村,3261
1980,44424,緒方町,8949
1980,44425,朝地町,4732
1980,44426,大野町,7440
1980,44427,千歳村,2951
1980,44428,犬飼町,5641
1980,44441,荻町,4409
1980,44442,久住町,5538
1980,44443,直入町,3297
1980,44461,九重町,14407
1980,44462,玖珠町,22775
1980,44481,前津江村,2004
1980,44482,中津江村,1805
1980,44483,上津江村,1560
1980,44484,大山町,4716
1980,44485,天瀬町,8437
1980,44501,三光村,5428
1980,44502,本耶馬溪町,4988
1980,44503,耶馬渓町,6947
1980,44504,山国町,4659
1980,44521,院内町,6387
1980,44522,安心院町,9846
1980,45000,宮崎県,1151587
1980,45001,宮崎県市部,776293
1980,45002,宮崎県郡部,375294
1980,45201,宮崎市,264855
1980,45202,都城市,129009
1980,45203,延岡市,136598
1980,45204,日南市,52949
1980,45205,小林市,40033
1980,45206,日向市,58347
1980,45207,串間市,29420
1980,45208,西都市,37836
1980,45209,えびの市,27246
1980,45301,清武町,14528
1980,45302,田野町,10806
1980,45303,佐土原町,26932
1980,45321,北郷町,5929
1980,45322,南郷町,13907
1980,45341,三股町,17713
1980,45342,山之口町,7773
1980,45343,高城町,13591
1980,45344,山田町,8997
1980,45345,高崎町,13285
1980,45361,高原町,12579
1980,45362,野尻町,9595
1980,45363,須木村,3134
1980,45381,高岡町,12630
1980,45382,国富町,19864
1980,45383,綾町,7261
1980,45401,高鍋町,22950
1980,45402,新富町,17220
1980,45403,西米良村,2153
1980,45404,木城町,5857
1980,45405,川南町,18026
1980,45406,都農町,13486
1980,45421,門川町,18533
1980,45422,東郷町,6601
1980,45423,南郷村,3754
1980,45424,西郷村,4181
1980,45425,北郷村,2774
1980,45426,北方町,6609
1980,45427,北川町,6088
1980,45428,北浦町,5586
1980,45429,諸塚村,3470
1980,45430,椎葉村,5478
1980,45441,高千穂町,19957
1980,45442,日之影町,8013
1980,45443,五ケ瀬町,6034
1980,46000,鹿児島県,1784623
1980,46001,鹿児島県市部,991791
1980,46002,鹿児島県郡部,792832
1980,46201,鹿児島市,505360
1980,46202,川内市,65645
1980,46203,鹿屋市,73242
1980,46204,枕崎市,30060
1980,46205,串木野市,30747
1980,46206,阿久根市,29527
1980,46207,名瀬市,49021
1980,46208,出水市,39375
1980,46209,大口市,27418
1980,46210,指宿市,32855
1980,46211,加世田市,25392
1980,46212,国分市,35433
1980,46213,西之表市,23537
1980,46214,垂水市,24179
1980,46301,吉田町,7418
1980,46302,桜島町,6098
1980,46303,三島村,619
1980,46304,十島村,903
1980,46321,喜入町,12354
1980,46322,山川町,13588
1980,46323,頴娃町,17395
1980,46324,開聞町,8697
1980,46341,笠沙町,5731
1980,46342,大浦町,3936
1980,46343,坊津町,7209
1980,46344,知覧町,14846
1980,46345,川辺町,18020
1980,46361,市来町,7630
1980,46362,東市来町,15047
1980,46363,伊集院町,18103
1980,46364,松元町,8616
1980,46365,郡山町,7910
1980,46366,日吉町,7048
1980,46367,吹上町,11824
1980,46368,金峰町,10336
1980,46381,樋脇町,8261
1980,46382,入来町,6695
1980,46383,東郷町,6466
1980,46384,宮之城町,19537
1980,46385,鶴田町,5265
1980,46386,薩摩町,5848
1980,46387,祁答院町,5648
1980,46388,里村,1920
1980,46389,上甑村,2728
1980,46390,下甑村,3752
1980,46391,鹿島村,1028
1980,46401,野田町,5216
1980,46402,高尾野町,12688
1980,46403,東町,8657
1980,46404,長島町,6183
1980,46421,菱刈町,10892
1980,46441,加治木町,22524
1980,46442,姶良町,32085
1980,46443,蒲生町,8383
1980,46444,溝辺町,7353
1980,46445,横川町,6060
1980,46446,栗野町,9178
1980,46447,吉松町,4804
1980,46448,牧園町,11516
1980,46449,霧島町,6178
1980,46450,隼人町,27833
1980,46451,福山町,7784
1980,46461,大隅町,16059
1980,46462,輝北町,5428
1980,46463,財部町,11984
1980,46464,末吉町,21017
1980,46465,松山町,5477
1980,46466,志布志町,20401
1980,46467,有明町,12526
1980,46468,大崎町,17527
1980,46481,串良町,13828
1980,46482,東串良町,8440
1980,46483,内之浦町,6863
1980,46484,高山町,16498
1980,46485,吾平町,7507
1980,46486,大根占町,9449
1980,46487,根占町,8652
1980,46488,田代町,4380
1980,46489,佐多町,5692
1980,46501,中種子町,12297
1980,46502,南種子町,8320
1980,46503,上屋久町,8368
1980,46504,屋久町,7256
1980,46523,大和村,2509
1980,46524,宇検村,2594
1980,46525,瀬戸内町,14309
1980,46526,住用村,2113
1980,46527,龍郷町,6136
1980,46528,笠利町,8918
1980,46529,喜界町,11169
1980,46530,徳之島町,15553
1980,46531,天城町,8775
1980,46532,伊仙町,10318
1980,46533,和泊町,8932
1980,46534,知名町,8407
1980,46535,与論町,7320
1980,47000,沖縄県,1106559
1980,47001,沖縄県市部,748601
1980,47002,沖縄県郡部,357958
1980,47201,那覇市,295778
1980,47202,石川市,18533
1980,47203,具志川市,46635
1980,47205,宜野湾市,62549
1980,47206,平良市,32924
1980,47207,石垣市,38819
1980,47208,浦添市,70282
1980,47209,名護市,45991
1980,47210,糸満市,42239
1980,47211,沖縄市,94851
1980,47301,国頭村,6873
1980,47302,大宜味村,3626
1980,47303,東村,2067
1980,47306,今帰仁村,9593
1980,47308,本部町,15307
1980,47311,恩納村,8013
1980,47313,宜野座村,4022
1980,47314,金武町,9745
1980,47315,伊江村,5039
1980,47322,与那城村,13777
1980,47323,勝連町,12340
1980,47324,読谷村,26516
1980,47325,嘉手納町,14094
1980,47326,北谷町,16014
1980,47327,北中城村,12210
1980,47328,中城村,10346
1980,47329,西原町,16305
1980,47341,豊見城村,33075
1980,47343,東風平町,12060
1980,47344,具志頭村,6930
1980,47345,玉城村,9389
1980,47346,知念村,6358
1980,47347,佐敷町,9583
1980,47348,与那原町,12752
1980,47349,大里村,8794
1980,47350,南風原町,20679
1980,47351,仲里村,5374
1980,47352,具志川村,4813
1980,47353,渡嘉敷村,830
1980,47354,座間味村,761
1980,47355,粟国村,1086
1980,47356,渡名喜村,609
1980,47357,南大東村,1640
1980,47358,北大東村,658
1980,47359,伊平屋村,1501
1980,47360,伊是名村,2144
1980,47371,城辺町,10203
1980,47372,下地町,3017
1980,47373,上野村,3500
1980,47374,伊良部村,9153
1980,47375,多良間村,1667
1980,47381,竹富町,3376
1980,47382,与那国町,2119
